FIPS,COUNTY,STATE,Assmt,Deed,Sam
01001,AUTAUGA,AL,Y,Y,Y
01003,BALDWIN,AL,Y,Y,Y
01005,BARBOUR,AL,Y,Y,Y
01007,BIBB,AL,Y,Y,Y
01009,BLOUNT,AL,Y,Y,Y
01011,BULLOCK,AL,Y,Y,Y
01013,BUTLER,AL,Y,Y,Y
01015,CALHOUN,AL,Y,Y,Y
01017,CHAMBERS,AL,Y,Y,Y
01019,CHEROKEE,AL,Y,Y,Y
01021,CHILTON,AL,Y,Y,Y
01023,CHOCTAW,AL,Y,Y,Y
01025,CLARKE,AL,Y,Y,Y
01027,CLAY,AL,Y,Y,Y
01029,CLEBURNE,AL,Y,Y,Y
01031,COFFEE,AL,Y,Y,Y
01033,COLBERT,AL,Y,Y,Y
01035,CONECUH,AL,Y,Y,Y
01037,COOSA,AL,Y,Y,Y
01039,COVINGTON,AL,Y,Y,Y
01041,CRENSHAW,AL,Y,Y,Y
01043,CULLMAN,AL,Y,Y,Y
01045,DALE,AL,Y,Y,Y
01047,DALLAS,AL,Y,Y,Y
01049,DEKALB,AL,Y,Y,Y
01051,ELMORE,AL,Y,Y,Y
01053,ESCAMBIA,AL,Y,Y,Y
01055,ETOWAH,AL,Y,Y,Y
01057,FAYETTE,AL,Y,Y,Y
01059,FRANKLIN,AL,Y,Y,Y
01061,GENEVA,AL,Y,Y,Y
01063,GREENE,AL,Y,Y,Y
01065,HALE,AL,Y,Y,Y
01067,HENRY,AL,Y,Y,Y
01069,HOUSTON,AL,Y,Y,Y
01071,JACKSON,AL,Y,Y,Y
01073,JEFFERSON,AL,Y,Y,Y
01075,LAMAR,AL,Y,Y,Y
01077,LAUDERDALE,AL,Y,Y,Y
01079,LAWRENCE,AL,Y,Y,Y
01081,LEE,AL,Y,Y,Y
01083,LIMESTONE,AL,Y,Y,Y
01085,LOWNDES,AL,Y,Y,Y
01087,MACON,AL,Y,Y,Y
01089,MADISON,AL,Y,Y,Y
01091,MARENGO,AL,Y,Y,Y
01093,MARION,AL,Y,Y,Y
01095,MARSHALL,AL,Y,Y,Y
01097,MOBILE,AL,Y,Y,Y
01099,MONROE,AL,Y,Y,Y
01101,MONTGOMERY,AL,Y,Y,Y
01103,MORGAN,AL,Y,Y,Y
01105,PERRY,AL,Y,Y,Y
01107,PICKENS,AL,Y,Y,Y
01109,PIKE,AL,Y,Y,Y
01111,RANDOLPH,AL,Y,Y,Y
01113,RUSSELL,AL,Y,Y,Y
01115,ST CLAIR,AL,Y,Y,Y
01117,SHELBY,AL,Y,Y,Y
01119,SUMTER,AL,Y,Y,Y
01121,TALLADEGA,AL,Y,Y,Y
01123,TALLAPOOSA,AL,Y,Y,Y
01125,TUSCALOOSA,AL,Y,Y,Y
01127,WALKER,AL,Y,Y,Y
01129,WASHINGTON,AL,Y,Y,Y
01131,WILCOX,AL,Y,Y,Y
01133,WINSTON,AL,Y,Y,Y
02013,ALEUTIANS EAST,AK,Y,Y,Y
02016,ALEUTIANS WEST,AK,Y,Y,Y
02020,ANCHORAGE,AK,Y,Y,Y
02050,BETHEL,AK,Y,Y,Y
02060,BRISTOL BAY,AK,Y,Y,Y
02068,DENALI,AK,Y,Y,Y
02070,DILLINGHAM,AK,Y,Y,Y
02090,FAIRBANKS NORTH STAR,AK,Y,Y,Y
02100,HAINES,AK,Y,Y,Y
02105,HOONAH-ANGOON,AK,Y,Y,Y
02110,JUNEAU,AK,Y,Y,Y
02122,KENAI PENINSULA,AK,Y,Y,Y
02130,KETCHIKAN GATEWAY,AK,Y,Y,Y
02150,KODIAK ISLAND,AK,Y,Y,Y
02164,LAKE AND PENINSULA,AK,Y,Y,Y
02170,MATANUSKA-SUSITNA,AK,Y,Y,Y
02180,NOME,AK,Y,Y,Y
02185,NORTH SLOPE,AK,Y,Y,Y
02188,NORTHWEST ARCTIC,AK,Y,Y,Y
02195,PETERSBURG,AK,Y,Y,Y
02198,PRINCE OF WALES-HYDER,AK,Y,Y,Y
02220,SITKA,AK,Y,Y,Y
02230,SKAGWAY,AK,Y,Y,Y
02240,SOUTHEAST FAIRBANKS,AK,Y,Y,Y
02261,VALDEZ-CORDOVA,AK,Y,Y,Y
02270,WADE HAMPTON,AK,Y,Y,Y
02275,WRANGELL,AK,Y,Y,Y
02282,YAKUTAT,AK,Y,Y,Y
02290,YUKON-KOYUKUK,AK,Y,Y,Y
04001,APACHE,AZ,Y,Y,Y
04003,COCHISE,AZ,Y,Y,Y
04005,COCONINO,AZ,Y,Y,Y
04007,GILA,AZ,Y,Y,Y
04009,GRAHAM,AZ,Y,Y,Y
04011,GREENLEE,AZ,Y,Y,Y
04012,LA PAZ,AZ,Y,Y,Y
04013,MARICOPA,AZ,Y,Y,Y
04015,MOHAVE,AZ,Y,Y,Y
04017,NAVAJO,AZ,Y,Y,Y
04019,PIMA,AZ,Y,Y,Y
04021,PINAL,AZ,Y,Y,Y
04023,SANTA CRUZ,AZ,Y,Y,Y
04025,YAVAPAI,AZ,Y,Y,Y
04027,YUMA,AZ,Y,Y,Y
05001,ARKANSAS,AR,Y,Y,Y
05003,ASHLEY,AR,Y,Y,Y
05005,BAXTER,AR,Y,Y,Y
05007,BENTON,AR,Y,Y,Y
05009,BOONE,AR,Y,Y,Y
05011,BRADLEY,AR,Y,Y,Y
05013,CALHOUN,AR,Y,Y,Y
05015,CARROLL,AR,Y,Y,Y
05017,CHICOT,AR,Y,Y,Y
05019,CLARK,AR,Y,Y,Y
05021,CLAY,AR,Y,Y,Y
05023,CLEBURNE,AR,Y,Y,Y
05025,CLEVELAND,AR,Y,Y,Y
05027,COLUMBIA,AR,Y,Y,Y
05029,CONWAY,AR,Y,Y,Y
05031,CRAIGHEAD,AR,Y,Y,Y
05033,CRAWFORD,AR,Y,Y,Y
05035,CRITTENDEN,AR,Y,Y,Y
05037,CROSS,AR,Y,Y,Y
05039,DALLAS,AR,Y,Y,Y
05041,DESHA,AR,Y,Y,Y
05043,DREW,AR,Y,Y,Y
05045,FAULKNER,AR,Y,Y,Y
05047,FRANKLIN,AR,Y,Y,Y
05049,FULTON,AR,Y,Y,Y
05051,GARLAND,AR,Y,Y,Y
05053,GRANT,AR,Y,Y,Y
05055,GREENE,AR,Y,Y,Y
05057,HEMPSTEAD,AR,Y,Y,Y
05059,HOT SPRING,AR,Y,Y,Y
05061,HOWARD,AR,Y,Y,Y
05063,INDEPENDENCE,AR,Y,Y,Y
05065,IZARD,AR,Y,Y,Y
05067,JACKSON,AR,Y,Y,Y
05069,JEFFERSON,AR,Y,Y,Y
05071,JOHNSON,AR,Y,Y,Y
05073,LAFAYETTE,AR,Y,Y,Y
05075,LAWRENCE,AR,Y,Y,Y
05077,LEE,AR,Y,Y,Y
05079,LINCOLN,AR,Y,Y,Y
05081,LITTLE RIVER,AR,Y,Y,Y
05083,LOGAN,AR,Y,Y,Y
05085,LONOKE,AR,Y,Y,Y
05087,MADISON,AR,Y,Y,Y
05089,MARION,AR,Y,Y,Y
05091,MILLER,AR,Y,Y,Y
05093,MISSISSIPPI,AR,Y,N,N
05095,MONROE,AR,Y,Y,Y
05097,MONTGOMERY,AR,Y,Y,Y
05099,NEVADA,AR,Y,Y,Y
05101,NEWTON,AR,Y,Y,Y
05103,OUACHITA,AR,Y,Y,Y
05105,PERRY,AR,Y,Y,Y
05107,PHILLIPS,AR,Y,Y,Y
05109,PIKE,AR,Y,Y,Y
05111,POINSETT,AR,Y,Y,Y
05113,POLK,AR,Y,Y,Y
05115,POPE,AR,Y,Y,Y
05117,PRAIRIE,AR,Y,Y,Y
05119,PULASKI,AR,Y,Y,Y
05121,RANDOLPH,AR,Y,Y,Y
05123,ST FRANCIS,AR,Y,Y,Y
05125,SALINE,AR,Y,Y,Y
05127,SCOTT,AR,Y,Y,Y
05129,SEARCY,AR,Y,Y,Y
05131,SEBASTIAN,AR,Y,Y,Y
05133,SEVIER,AR,Y,Y,Y
05135,SHARP,AR,Y,Y,Y
05137,STONE,AR,Y,Y,Y
05139,UNION,AR,Y,Y,Y
05141,VAN BUREN,AR,Y,Y,Y
05143,WASHINGTON,AR,Y,Y,Y
05145,WHITE,AR,Y,Y,Y
05147,WOODRUFF,AR,Y,Y,Y
05149,YELL,AR,Y,Y,Y
06001,ALAMEDA,CA,Y,Y,Y
06003,ALPINE,CA,Y,Y,Y
06005,AMADOR,CA,Y,Y,Y
06007,BUTTE,CA,Y,Y,Y
06009,CALAVERAS,CA,Y,Y,Y
06011,COLUSA,CA,Y,Y,Y
06013,CONTRA COSTA,CA,Y,Y,Y
06015,DEL NORTE,CA,Y,Y,Y
06017,EL DORADO,CA,Y,Y,Y
06019,FRESNO,CA,Y,Y,Y
06021,GLENN,CA,Y,Y,Y
06023,HUMBOLDT,CA,Y,Y,Y
06025,IMPERIAL,CA,Y,Y,Y
06027,INYO,CA,Y,Y,Y
06029,KERN,CA,Y,Y,Y
06031,KINGS,CA,Y,Y,Y
06033,LAKE,CA,Y,Y,Y
06035,LASSEN,CA,Y,Y,Y
06037,LOS ANGELES,CA,Y,Y,Y
06039,MADERA,CA,Y,Y,Y
06041,MARIN,CA,Y,Y,Y
06043,MARIPOSA,CA,Y,Y,Y
06045,MENDOCINO,CA,Y,Y,Y
06047,MERCED,CA,Y,Y,Y
06049,MODOC,CA,Y,Y,Y
06051,MONO,CA,Y,Y,Y
06053,MONTEREY,CA,Y,Y,Y
06055,NAPA,CA,Y,Y,Y
06057,NEVADA,CA,Y,Y,Y
06059,ORANGE,CA,Y,Y,Y
06061,PLACER,CA,Y,Y,Y
06063,PLUMAS,CA,Y,Y,Y
06065,RIVERSIDE,CA,Y,Y,Y
06067,SACRAMENTO,CA,Y,Y,Y
06069,SAN BENITO,CA,Y,Y,Y
06071,SAN BERNARDINO,CA,Y,Y,Y
06073,SAN DIEGO,CA,Y,Y,Y
06075,SAN FRANCISCO,CA,Y,Y,Y
06077,SAN JOAQUIN,CA,Y,Y,Y
06079,SAN LUIS OBISPO,CA,Y,Y,Y
06081,SAN MATEO,CA,Y,Y,Y
06083,SANTA BARBARA,CA,Y,Y,Y
06085,SANTA CLARA,CA,Y,Y,Y
06087,SANTA CRUZ,CA,Y,Y,Y
06089,SHASTA,CA,Y,Y,Y
06091,SIERRA,CA,Y,Y,Y
06093,SISKIYOU,CA,Y,Y,Y
06095,SOLANO,CA,Y,Y,Y
06097,SONOMA,CA,Y,Y,Y
06099,STANISLAUS,CA,Y,Y,Y
06101,SUTTER,CA,Y,Y,Y
06103,TEHAMA,CA,Y,Y,Y
06105,TRINITY,CA,Y,Y,Y
06107,TULARE,CA,Y,Y,Y
06109,TUOLUMNE,CA,Y,Y,Y
06111,VENTURA,CA,Y,Y,Y
06113,YOLO,CA,Y,Y,Y
06115,YUBA,CA,Y,Y,Y
08001,ADAMS,CO,Y,Y,Y
08003,ALAMOSA,CO,Y,Y,Y
08005,ARAPAHOE,CO,Y,Y,Y
08007,ARCHULETA,CO,Y,Y,Y
08009,BACA,CO,Y,Y,Y
08011,BENT,CO,Y,Y,Y
08013,BOULDER,CO,Y,Y,Y
08014,BROOMFIELD,CO,Y,Y,Y
08015,CHAFFEE,CO,Y,Y,Y
08017,CHEYENNE,CO,Y,Y,Y
08019,CLEAR CREEK,CO,Y,Y,Y
08021,CONEJOS,CO,Y,Y,Y
08023,COSTILLA,CO,Y,N,N
08025,CROWLEY,CO,Y,Y,Y
08027,CUSTER,CO,Y,Y,Y
08029,DELTA,CO,Y,Y,Y
08031,DENVER,CO,Y,Y,Y
08033,DOLORES,CO,Y,Y,Y
08035,DOUGLAS,CO,Y,Y,Y
08037,EAGLE,CO,Y,Y,Y
08039,ELBERT,CO,Y,Y,Y
08041,EL PASO,CO,Y,Y,Y
08043,FREMONT,CO,Y,Y,Y
08045,GARFIELD,CO,Y,Y,Y
08047,GILPIN,CO,Y,Y,Y
08049,GRAND,CO,Y,Y,Y
08051,GUNNISON,CO,Y,Y,Y
08053,HINSDALE,CO,Y,N,N
08055,HUERFANO,CO,Y,Y,Y
08057,JACKSON,CO,Y,Y,Y
08059,JEFFERSON,CO,Y,Y,Y
08061,KIOWA,CO,Y,Y,Y
08063,KIT CARSON,CO,Y,Y,Y
08065,LAKE,CO,Y,Y,Y
08067,LA PLATA,CO,Y,Y,Y
08069,LARIMER,CO,Y,Y,Y
08071,LAS ANIMAS,CO,Y,Y,Y
08073,LINCOLN,CO,Y,Y,Y
08075,LOGAN,CO,Y,Y,Y
08077,MESA,CO,Y,Y,Y
08079,MINERAL,CO,Y,N,N
08081,MOFFAT,CO,Y,Y,Y
08083,MONTEZUMA,CO,Y,Y,Y
08085,MONTROSE,CO,Y,Y,Y
08087,MORGAN,CO,Y,Y,Y
08089,OTERO,CO,Y,Y,Y
08091,OURAY,CO,Y,Y,Y
08093,PARK,CO,Y,Y,Y
08095,PHILLIPS,CO,Y,N,N
08097,PITKIN,CO,Y,Y,Y
08099,PROWERS,CO,Y,Y,Y
08101,PUEBLO,CO,Y,Y,Y
08103,RIO BLANCO,CO,Y,Y,Y
08105,RIO GRANDE,CO,Y,Y,Y
08107,ROUTT,CO,Y,Y,Y
08109,SAGUACHE,CO,Y,Y,Y
08111,SAN JUAN,CO,Y,Y,Y
08113,SAN MIGUEL,CO,Y,Y,Y
08115,SEDGWICK,CO,Y,Y,Y
08117,SUMMIT,CO,Y,Y,Y
08119,TELLER,CO,Y,Y,Y
08121,WASHINGTON,CO,Y,N,N
08123,WELD,CO,Y,Y,Y
08125,YUMA,CO,Y,Y,Y
09001,FAIRFIELD,CT,Y,Y,Y
09003,HARTFORD,CT,Y,Y,Y
09005,LITCHFIELD,CT,Y,Y,Y
09007,MIDDLESEX,CT,Y,Y,Y
09009,NEW HAVEN,CT,Y,Y,Y
09011,NEW LONDON,CT,Y,Y,Y
09013,TOLLAND,CT,Y,Y,Y
09015,WINDHAM,CT,Y,Y,Y
10001,KENT,DE,Y,Y,Y
10003,NEW CASTLE,DE,Y,Y,Y
10005,SUSSEX,DE,Y,Y,Y
11001,DISTRICT OF COLUMBIA,DC,Y,Y,Y
12001,ALACHUA,FL,Y,Y,Y
12003,BAKER,FL,Y,Y,Y
12005,BAY,FL,Y,Y,Y
12007,BRADFORD,FL,Y,Y,Y
12009,BREVARD,FL,Y,Y,Y
12011,BROWARD,FL,Y,Y,Y
12013,CALHOUN,FL,Y,Y,Y
12015,CHARLOTTE,FL,Y,Y,Y
12017,CITRUS,FL,Y,Y,Y
12019,CLAY,FL,Y,Y,Y
12021,COLLIER,FL,Y,Y,Y
12023,COLUMBIA,FL,Y,Y,Y
12027,DESOTO,FL,Y,Y,Y
12029,DIXIE,FL,Y,Y,Y
12031,DUVAL,FL,Y,Y,Y
12033,ESCAMBIA,FL,Y,Y,Y
12035,FLAGLER,FL,Y,Y,Y
12037,FRANKLIN,FL,Y,Y,Y
12039,GADSDEN,FL,Y,Y,Y
12041,GILCHRIST,FL,Y,Y,Y
12043,GLADES,FL,Y,Y,Y
12045,GULF,FL,Y,Y,Y
12047,HAMILTON,FL,Y,Y,Y
12049,HARDEE,FL,Y,Y,Y
12051,HENDRY,FL,Y,Y,Y
12053,HERNANDO,FL,Y,Y,Y
12055,HIGHLANDS,FL,Y,Y,Y
12057,HILLSBOROUGH,FL,Y,Y,Y
12059,HOLMES,FL,Y,Y,Y
12061,INDIAN RIVER,FL,Y,Y,Y
12063,JACKSON,FL,Y,Y,Y
12065,JEFFERSON,FL,Y,Y,Y
12067,LAFAYETTE,FL,Y,Y,Y
12069,LAKE,FL,Y,Y,Y
12071,LEE,FL,Y,Y,Y
12073,LEON,FL,Y,Y,Y
12075,LEVY,FL,Y,Y,Y
12077,LIBERTY,FL,Y,Y,Y
12079,MADISON,FL,Y,Y,Y
12081,MANATEE,FL,Y,Y,Y
12083,MARION,FL,Y,Y,Y
12085,MARTIN,FL,Y,Y,Y
12086,MIAMI-DADE,FL,Y,Y,Y
12087,MONROE,FL,Y,Y,Y
12089,NASSAU,FL,Y,Y,Y
12091,OKALOOSA,FL,Y,Y,Y
12093,OKEECHOBEE,FL,Y,Y,Y
12095,ORANGE,FL,Y,Y,Y
12097,OSCEOLA,FL,Y,Y,Y
12099,PALM BEACH,FL,Y,Y,Y
12101,PASCO,FL,Y,Y,Y
12103,PINELLAS,FL,Y,Y,Y
12105,POLK,FL,Y,Y,Y
12107,PUTNAM,FL,Y,Y,Y
12109,ST JOHNS,FL,Y,Y,Y
12111,ST LUCIE,FL,Y,Y,Y
12113,SANTA ROSA,FL,Y,Y,Y
12115,SARASOTA,FL,Y,Y,Y
12117,SEMINOLE,FL,Y,Y,Y
12119,SUMTER,FL,Y,Y,Y
12121,SUWANNEE,FL,Y,Y,Y
12123,TAYLOR,FL,Y,Y,Y
12125,UNION,FL,Y,Y,Y
12127,VOLUSIA,FL,Y,Y,Y
12129,WAKULLA,FL,Y,Y,Y
12131,WALTON,FL,Y,Y,Y
12133,WASHINGTON,FL,Y,Y,Y
13001,APPLING,GA,Y,Y,Y
13003,ATKINSON,GA,Y,Y,Y
13005,BACON,GA,Y,Y,Y
13007,BAKER,GA,Y,Y,Y
13009,BALDWIN,GA,Y,Y,Y
13011,BANKS,GA,Y,Y,Y
13013,BARROW,GA,Y,Y,Y
13015,BARTOW,GA,Y,Y,Y
13017,BEN HILL,GA,Y,Y,Y
13019,BERRIEN,GA,Y,Y,Y
13021,BIBB,GA,Y,Y,Y
13023,BLECKLEY,GA,Y,Y,Y
13025,BRANTLEY,GA,Y,Y,Y
13027,BROOKS,GA,Y,Y,Y
13029,BRYAN,GA,Y,Y,Y
13031,BULLOCH,GA,Y,Y,Y
13033,BURKE,GA,Y,Y,Y
13035,BUTTS,GA,Y,Y,Y
13037,CALHOUN,GA,Y,Y,Y
13039,CAMDEN,GA,Y,Y,Y
13043,CANDLER,GA,Y,Y,Y
13045,CARROLL,GA,Y,Y,Y
13047,CATOOSA,GA,Y,Y,Y
13049,CHARLTON,GA,Y,Y,Y
13051,CHATHAM,GA,Y,Y,Y
13053,CHATTAHOOCHEE,GA,Y,Y,Y
13055,CHATTOOGA,GA,Y,Y,Y
13057,CHEROKEE,GA,Y,Y,Y
13059,ATHENS-CLARKE,GA,Y,Y,Y
13061,CLAY,GA,Y,Y,Y
13063,CLAYTON,GA,Y,Y,Y
13065,CLINCH,GA,Y,Y,Y
13067,COBB,GA,Y,Y,Y
13069,COFFEE,GA,Y,Y,Y
13071,COLQUITT,GA,Y,Y,Y
13073,COLUMBIA,GA,Y,Y,Y
13075,COOK,GA,Y,Y,Y
13077,COWETA,GA,Y,Y,Y
13079,CRAWFORD,GA,Y,Y,Y
13081,CRISP,GA,Y,Y,Y
13083,DADE,GA,Y,Y,Y
13085,DAWSON,GA,Y,Y,Y
13087,DECATUR,GA,Y,Y,Y
13089,DEKALB,GA,Y,Y,Y
13091,DODGE,GA,Y,Y,Y
13093,DOOLY,GA,Y,Y,Y
13095,DOUGHERTY,GA,Y,Y,Y
13097,DOUGLAS,GA,Y,Y,Y
13099,EARLY,GA,Y,Y,Y
13101,ECHOLS,GA,Y,Y,Y
13103,EFFINGHAM,GA,Y,Y,Y
13105,ELBERT,GA,Y,Y,Y
13107,EMANUEL,GA,Y,Y,Y
13109,EVANS,GA,Y,Y,Y
13111,FANNIN,GA,Y,Y,Y
13113,FAYETTE,GA,Y,Y,Y
13115,FLOYD,GA,Y,Y,Y
13117,FORSYTH,GA,Y,Y,Y
13119,FRANKLIN,GA,Y,Y,Y
13121,FULTON,GA,Y,Y,Y
13123,GILMER,GA,Y,Y,Y
13125,GLASCOCK,GA,Y,Y,Y
13127,GLYNN,GA,Y,Y,Y
13129,GORDON,GA,Y,Y,Y
13131,GRADY,GA,Y,Y,Y
13133,GREENE,GA,Y,Y,Y
13135,GWINNETT,GA,Y,Y,Y
13137,HABERSHAM,GA,Y,Y,Y
13139,HALL,GA,Y,Y,Y
13141,HANCOCK,GA,Y,Y,Y
13143,HARALSON,GA,Y,Y,Y
13145,HARRIS,GA,Y,Y,Y
13147,HART,GA,Y,Y,Y
13149,HEARD,GA,Y,Y,Y
13151,HENRY,GA,Y,Y,Y
13153,HOUSTON,GA,Y,Y,Y
13155,IRWIN,GA,Y,Y,Y
13157,JACKSON,GA,Y,Y,Y
13159,JASPER,GA,Y,Y,Y
13161,JEFF DAVIS,GA,Y,Y,Y
13163,JEFFERSON,GA,Y,Y,Y
13165,JENKINS,GA,Y,Y,Y
13167,JOHNSON,GA,Y,Y,Y
13169,JONES,GA,Y,Y,Y
13171,LAMAR,GA,Y,Y,Y
13173,LANIER,GA,Y,Y,Y
13175,LAURENS,GA,Y,Y,Y
13177,LEE,GA,Y,Y,Y
13179,LIBERTY,GA,Y,Y,Y
13181,LINCOLN,GA,Y,Y,Y
13183,LONG,GA,Y,Y,Y
13185,LOWNDES,GA,Y,Y,Y
13187,LUMPKIN,GA,Y,Y,Y
13189,MCDUFFIE,GA,Y,Y,Y
13191,MCINTOSH,GA,Y,Y,Y
13193,MACON,GA,Y,Y,Y
13195,MADISON,GA,Y,Y,Y
13197,MARION,GA,Y,Y,Y
13199,MERIWETHER,GA,Y,Y,Y
13201,MILLER,GA,Y,Y,Y
13205,MITCHELL,GA,Y,Y,Y
13207,MONROE,GA,Y,Y,Y
13209,MONTGOMERY,GA,Y,Y,Y
13211,MORGAN,GA,Y,Y,Y
13213,MURRAY,GA,Y,Y,Y
13215,MUSCOGEE,GA,Y,Y,Y
13217,NEWTON,GA,Y,Y,Y
13219,OCONEE,GA,Y,Y,Y
13221,OGLETHORPE,GA,Y,Y,Y
13223,PAULDING,GA,Y,Y,Y
13225,PEACH,GA,Y,Y,Y
13227,PICKENS,GA,Y,Y,Y
13229,PIERCE,GA,Y,Y,Y
13231,PIKE,GA,Y,Y,Y
13233,POLK,GA,Y,Y,Y
13235,PULASKI,GA,Y,Y,Y
13237,PUTNAM,GA,Y,Y,Y
13239,QUITMAN,GA,Y,Y,Y
13241,RABUN,GA,Y,Y,Y
13243,RANDOLPH,GA,Y,Y,Y
13245,RICHMOND,GA,Y,Y,Y
13247,ROCKDALE,GA,Y,Y,Y
13249,SCHLEY,GA,Y,Y,Y
13251,SCREVEN,GA,Y,Y,Y
13253,SEMINOLE,GA,Y,Y,Y
13255,SPALDING,GA,Y,Y,Y
13257,STEPHENS,GA,Y,Y,Y
13259,STEWART,GA,Y,Y,Y
13261,SUMTER,GA,Y,Y,Y
13263,TALBOT,GA,Y,Y,Y
13265,TALIAFERRO,GA,Y,Y,Y
13267,TATTNALL,GA,Y,Y,Y
13269,TAYLOR,GA,Y,Y,Y
13271,TELFAIR,GA,Y,Y,Y
13273,TERRELL,GA,Y,Y,Y
13275,THOMAS,GA,Y,Y,Y
13277,TIFT,GA,Y,Y,Y
13279,TOOMBS,GA,Y,Y,Y
13281,TOWNS,GA,Y,Y,Y
13283,TREUTLEN,GA,Y,Y,Y
13285,TROUP,GA,Y,Y,Y
13287,TURNER,GA,Y,Y,Y
13289,TWIGGS,GA,Y,Y,Y
13291,UNION,GA,Y,Y,Y
13293,UPSON,GA,Y,Y,Y
13295,WALKER,GA,Y,Y,Y
13297,WALTON,GA,Y,Y,Y
13299,WARE,GA,Y,Y,Y
13301,WARREN,GA,Y,Y,Y
13303,WASHINGTON,GA,Y,Y,Y
13305,WAYNE,GA,Y,Y,Y
13307,WEBSTER,GA,Y,Y,Y
13309,WHEELER,GA,Y,Y,Y
13311,WHITE,GA,Y,Y,Y
13313,WHITFIELD,GA,Y,Y,Y
13315,WILCOX,GA,Y,Y,Y
13317,WILKES,GA,Y,Y,Y
13319,WILKINSON,GA,Y,Y,Y
13321,WORTH,GA,Y,Y,Y
15001,HAWAII,HI,Y,Y,Y
15003,HONOLULU,HI,Y,Y,Y
15007,KAUAI,HI,Y,Y,Y
15009,MAUI,HI,Y,Y,Y
16001,ADA,ID,Y,Y,Y
16003,ADAMS,ID,Y,N,N
16005,BANNOCK,ID,Y,Y,Y
16007,BEAR LAKE,ID,Y,Y,Y
16009,BENEWAH,ID,Y,Y,Y
16011,BINGHAM,ID,Y,Y,Y
16013,BLAINE,ID,Y,Y,Y
16015,BOISE,ID,Y,Y,Y
16017,BONNER,ID,Y,Y,Y
16019,BONNEVILLE,ID,Y,Y,Y
16021,BOUNDARY,ID,Y,Y,Y
16023,BUTTE,ID,Y,Y,Y
16025,CAMAS,ID,Y,N,N
16027,CANYON,ID,Y,Y,Y
16029,CARIBOU,ID,Y,Y,Y
16031,CASSIA,ID,Y,Y,Y
16033,CLARK,ID,Y,Y,Y
16035,CLEARWATER,ID,Y,Y,Y
16037,CUSTER,ID,Y,N,N
16039,ELMORE,ID,Y,Y,Y
16041,FRANKLIN,ID,Y,Y,Y
16043,FREMONT,ID,Y,Y,Y
16045,GEM,ID,Y,Y,Y
16047,GOODING,ID,Y,Y,Y
16049,IDAHO,ID,Y,Y,Y
16051,JEFFERSON,ID,Y,Y,Y
16053,JEROME,ID,Y,Y,Y
16055,KOOTENAI,ID,Y,Y,Y
16057,LATAH,ID,Y,Y,Y
16059,LEMHI,ID,Y,Y,Y
16061,LEWIS,ID,Y,Y,Y
16063,LINCOLN,ID,Y,Y,Y
16065,MADISON,ID,Y,Y,Y
16067,MINIDOKA,ID,Y,Y,Y
16069,NEZ PERCE,ID,Y,Y,Y
16071,ONEIDA,ID,Y,Y,Y
16073,OWYHEE,ID,Y,Y,Y
16075,PAYETTE,ID,Y,Y,Y
16077,POWER,ID,Y,Y,Y
16079,SHOSHONE,ID,Y,Y,Y
16081,TETON,ID,Y,Y,Y
16083,TWIN FALLS,ID,Y,Y,Y
16085,VALLEY,ID,Y,Y,Y
16087,WASHINGTON,ID,Y,Y,Y
17001,ADAMS,IL,Y,Y,Y
17003,ALEXANDER,IL,Y,Y,Y
17005,BOND,IL,Y,Y,Y
17007,BOONE,IL,Y,Y,Y
17009,BROWN,IL,Y,Y,Y
17011,BUREAU,IL,Y,Y,Y
17013,CALHOUN,IL,Y,Y,Y
17015,CARROLL,IL,Y,Y,Y
17017,CASS,IL,Y,Y,Y
17019,CHAMPAIGN,IL,Y,Y,Y
17021,CHRISTIAN,IL,Y,Y,Y
17023,CLARK,IL,Y,Y,Y
17025,CLAY,IL,Y,Y,Y
17027,CLINTON,IL,Y,Y,Y
17029,COLES,IL,Y,Y,Y
17031,COOK,IL,Y,Y,Y
17033,CRAWFORD,IL,Y,N,N
17035,CUMBERLAND,IL,Y,Y,Y
17037,DEKALB,IL,Y,Y,Y
17039,DE WITT,IL,Y,Y,Y
17041,DOUGLAS,IL,Y,Y,Y
17043,DUPAGE,IL,Y,Y,Y
17045,EDGAR,IL,Y,Y,Y
17047,EDWARDS,IL,Y,Y,Y
17049,EFFINGHAM,IL,Y,Y,Y
17051,FAYETTE,IL,Y,Y,Y
17053,FORD,IL,Y,Y,Y
17055,FRANKLIN,IL,Y,Y,Y
17057,FULTON,IL,Y,Y,Y
17059,GALLATIN,IL,Y,N,N
17061,GREENE,IL,Y,Y,Y
17063,GRUNDY,IL,Y,Y,Y
17065,HAMILTON,IL,Y,Y,Y
17067,HANCOCK,IL,Y,Y,Y
17069,HARDIN,IL,Y,N,N
17071,HENDERSON,IL,Y,Y,Y
17073,HENRY,IL,Y,Y,Y
17075,IROQUOIS,IL,Y,Y,Y
17077,JACKSON,IL,Y,Y,Y
17079,JASPER,IL,Y,Y,Y
17081,JEFFERSON,IL,Y,Y,Y
17083,JERSEY,IL,Y,Y,Y
17085,JO DAVIESS,IL,Y,Y,Y
17087,JOHNSON,IL,Y,Y,Y
17089,KANE,IL,Y,Y,Y
17091,KANKAKEE,IL,Y,Y,Y
17093,KENDALL,IL,Y,Y,Y
17095,KNOX,IL,Y,Y,Y
17097,LAKE,IL,Y,Y,Y
17099,LA SALLE,IL,Y,Y,Y
17101,LAWRENCE,IL,Y,Y,Y
17103,LEE,IL,Y,Y,Y
17105,LIVINGSTON,IL,Y,Y,Y
17107,LOGAN,IL,Y,Y,Y
17109,MCDONOUGH,IL,Y,Y,Y
17111,MCHENRY,IL,Y,Y,Y
17113,MCLEAN,IL,Y,Y,Y
17115,MACON,IL,Y,Y,Y
17117,MACOUPIN,IL,Y,Y,Y
17119,MADISON,IL,Y,Y,Y
17121,MARION,IL,Y,Y,Y
17123,MARSHALL,IL,Y,Y,Y
17125,MASON,IL,Y,Y,Y
17127,MASSAC,IL,Y,Y,Y
17129,MENARD,IL,Y,Y,Y
17131,MERCER,IL,Y,N,N
17133,MONROE,IL,Y,Y,Y
17135,MONTGOMERY,IL,Y,Y,Y
17137,MORGAN,IL,Y,Y,Y
17139,MOULTRIE,IL,Y,Y,Y
17141,OGLE,IL,Y,Y,Y
17143,PEORIA,IL,Y,Y,Y
17145,PERRY,IL,Y,Y,Y
17147,PIATT,IL,Y,Y,Y
17149,PIKE,IL,Y,Y,Y
17151,POPE,IL,Y,N,N
17153,PULASKI,IL,Y,Y,Y
17155,PUTNAM,IL,Y,Y,Y
17157,RANDOLPH,IL,Y,Y,Y
17159,RICHLAND,IL,Y,Y,Y
17161,ROCK ISLAND,IL,Y,Y,Y
17163,ST CLAIR,IL,Y,Y,Y
17165,SALINE,IL,Y,Y,Y
17167,SANGAMON,IL,Y,Y,Y
17169,SCHUYLER,IL,Y,N,N
17171,SCOTT,IL,Y,N,Y
17173,SHELBY,IL,Y,Y,Y
17175,STARK,IL,Y,N,N
17177,STEPHENSON,IL,Y,Y,Y
17179,TAZEWELL,IL,Y,Y,Y
17181,UNION,IL,Y,Y,Y
17183,VERMILION,IL,Y,Y,Y
17185,WABASH,IL,Y,N,N
17187,WARREN,IL,Y,Y,Y
17189,WASHINGTON,IL,Y,Y,Y
17191,WAYNE,IL,Y,Y,Y
17193,WHITE,IL,Y,N,N
17195,WHITESIDE,IL,Y,Y,Y
17197,WILL,IL,Y,Y,Y
17199,WILLIAMSON,IL,Y,N,N
17201,WINNEBAGO,IL,Y,Y,Y
17203,WOODFORD,IL,Y,Y,Y
18001,ADAMS,IN,Y,Y,Y
18003,ALLEN,IN,Y,Y,Y
18005,BARTHOLOMEW,IN,Y,Y,N
18007,BENTON,IN,Y,Y,Y
18009,BLACKFORD,IN,Y,Y,Y
18011,BOONE,IN,Y,Y,Y
18013,BROWN,IN,Y,Y,Y
18015,CARROLL,IN,Y,Y,Y
18017,CASS,IN,Y,Y,Y
18019,CLARK,IN,Y,Y,N
18021,CLAY,IN,Y,Y,N
18023,CLINTON,IN,Y,Y,Y
18025,CRAWFORD,IN,Y,Y,Y
18027,DAVIESS,IN,Y,Y,Y
18029,DEARBORN,IN,Y,Y,Y
18031,DECATUR,IN,Y,Y,Y
18033,DEKALB,IN,Y,Y,Y
18035,DELAWARE,IN,Y,Y,Y
18037,DUBOIS,IN,Y,Y,Y
18039,ELKHART,IN,Y,Y,Y
18041,FAYETTE,IN,Y,Y,Y
18043,FLOYD,IN,Y,Y,Y
18045,FOUNTAIN,IN,Y,Y,Y
18047,FRANKLIN,IN,Y,Y,N
18049,FULTON,IN,Y,Y,Y
18051,GIBSON,IN,Y,Y,Y
18053,GRANT,IN,Y,Y,Y
18055,GREENE,IN,Y,Y,Y
18057,HAMILTON,IN,Y,Y,Y
18059,HANCOCK,IN,Y,Y,Y
18061,HARRISON,IN,Y,Y,Y
18063,HENDRICKS,IN,Y,Y,Y
18065,HENRY,IN,Y,Y,Y
18067,HOWARD,IN,Y,Y,Y
18069,HUNTINGTON,IN,Y,Y,Y
18071,JACKSON,IN,Y,Y,Y
18073,JASPER,IN,Y,Y,Y
18075,JAY,IN,Y,Y,N
18077,JEFFERSON,IN,Y,Y,N
18079,JENNINGS,IN,Y,Y,Y
18081,JOHNSON,IN,Y,Y,Y
18083,KNOX,IN,Y,Y,N
18085,KOSCIUSKO,IN,Y,Y,Y
18087,LAGRANGE,IN,Y,Y,Y
18089,LAKE,IN,Y,Y,Y
18091,LA PORTE,IN,Y,Y,Y
18093,LAWRENCE,IN,Y,Y,Y
18095,MADISON,IN,Y,Y,Y
18097,MARION,IN,Y,Y,Y
18099,MARSHALL,IN,Y,Y,Y
18101,MARTIN,IN,Y,Y,Y
18103,MIAMI,IN,Y,Y,Y
18105,MONROE,IN,Y,Y,Y
18107,MONTGOMERY,IN,Y,Y,Y
18109,MORGAN,IN,Y,Y,Y
18111,NEWTON,IN,Y,Y,Y
18113,NOBLE,IN,Y,N,N
18115,OHIO,IN,Y,Y,Y
18117,ORANGE,IN,Y,Y,Y
18119,OWEN,IN,Y,Y,Y
18121,PARKE,IN,Y,N,N
18123,PERRY,IN,Y,Y,Y
18125,PIKE,IN,Y,N,N
18127,PORTER,IN,Y,Y,Y
18129,POSEY,IN,Y,Y,Y
18131,PULASKI,IN,Y,Y,Y
18133,PUTNAM,IN,Y,Y,Y
18135,RANDOLPH,IN,Y,Y,Y
18137,RIPLEY,IN,Y,Y,Y
18139,RUSH,IN,Y,Y,Y
18141,ST JOSEPH,IN,Y,Y,Y
18143,SCOTT,IN,Y,Y,Y
18145,SHELBY,IN,Y,Y,Y
18147,SPENCER,IN,Y,Y,Y
18149,STARKE,IN,Y,Y,Y
18151,STEUBEN,IN,Y,Y,Y
18153,SULLIVAN,IN,Y,Y,Y
18155,SWITZERLAND,IN,Y,Y,Y
18157,TIPPECANOE,IN,Y,Y,Y
18159,TIPTON,IN,Y,N,N
18161,UNION,IN,Y,N,N
18163,VANDERBURGH,IN,Y,Y,Y
18165,VERMILLION,IN,Y,Y,N
18167,VIGO,IN,Y,Y,Y
18169,WABASH,IN,Y,Y,Y
18171,WARREN,IN,Y,N,N
18173,WARRICK,IN,Y,Y,Y
18175,WASHINGTON,IN,Y,Y,Y
18177,WAYNE,IN,Y,Y,Y
18179,WELLS,IN,Y,Y,Y
18181,WHITE,IN,Y,N,N
18183,WHITLEY,IN,Y,Y,Y
19001,ADAIR,IA,Y,Y,Y
19003,ADAMS,IA,Y,N,N
19005,ALLAMAKEE,IA,Y,Y,Y
19007,APPANOOSE,IA,Y,Y,Y
19009,AUDUBON,IA,Y,Y,Y
19011,BENTON,IA,Y,Y,Y
19013,BLACK HAWK,IA,Y,Y,Y
19015,BOONE,IA,Y,Y,Y
19017,BREMER,IA,Y,Y,Y
19019,BUCHANAN,IA,Y,Y,Y
19021,BUENA VISTA,IA,Y,Y,Y
19023,BUTLER,IA,Y,Y,Y
19025,CALHOUN,IA,Y,Y,Y
19027,CARROLL,IA,Y,Y,Y
19029,CASS,IA,Y,Y,Y
19031,CEDAR,IA,Y,Y,Y
19033,CERRO GORDO,IA,Y,Y,Y
19035,CHEROKEE,IA,Y,Y,Y
19037,CHICKASAW,IA,Y,Y,Y
19039,CLARKE,IA,Y,Y,Y
19041,CLAY,IA,Y,Y,Y
19043,CLAYTON,IA,Y,Y,Y
19045,CLINTON,IA,Y,Y,Y
19047,CRAWFORD,IA,Y,Y,Y
19049,DALLAS,IA,Y,Y,Y
19051,DAVIS,IA,Y,Y,Y
19053,DECATUR,IA,Y,Y,Y
19055,DELAWARE,IA,Y,Y,Y
19057,DES MOINES,IA,Y,Y,Y
19059,DICKINSON,IA,Y,Y,Y
19061,DUBUQUE,IA,Y,Y,Y
19063,EMMET,IA,Y,Y,Y
19065,FAYETTE,IA,Y,Y,Y
19067,FLOYD,IA,Y,Y,Y
19069,FRANKLIN,IA,Y,Y,Y
19071,FREMONT,IA,Y,Y,Y
19073,GREENE,IA,Y,Y,Y
19075,GRUNDY,IA,Y,Y,Y
19077,GUTHRIE,IA,Y,Y,Y
19079,HAMILTON,IA,Y,N,N
19081,HANCOCK,IA,Y,Y,Y
19083,HARDIN,IA,Y,N,N
19085,HARRISON,IA,Y,Y,Y
19087,HENRY,IA,Y,Y,Y
19089,HOWARD,IA,Y,Y,Y
19091,HUMBOLDT,IA,Y,Y,Y
19093,IDA,IA,Y,Y,Y
19095,IOWA,IA,Y,Y,Y
19097,JACKSON,IA,Y,Y,Y
19099,JASPER,IA,Y,Y,Y
19101,JEFFERSON,IA,Y,Y,Y
19103,JOHNSON,IA,Y,Y,Y
19105,JONES,IA,Y,Y,Y
19107,KEOKUK,IA,Y,Y,Y
19109,KOSSUTH,IA,Y,Y,Y
19111,LEE,IA,Y,Y,Y
19113,LINN,IA,Y,Y,Y
19115,LOUISA,IA,Y,Y,Y
19117,LUCAS,IA,Y,Y,Y
19119,LYON,IA,Y,Y,Y
19121,MADISON,IA,Y,Y,Y
19123,MAHASKA,IA,Y,Y,Y
19125,MARION,IA,Y,Y,Y
19127,MARSHALL,IA,Y,Y,Y
19129,MILLS,IA,Y,Y,Y
19131,MITCHELL,IA,Y,Y,Y
19133,MONONA,IA,Y,Y,Y
19135,MONROE,IA,Y,Y,Y
19137,MONTGOMERY,IA,Y,Y,Y
19139,MUSCATINE,IA,Y,Y,Y
19141,OBRIEN,IA,Y,Y,Y
19143,OSCEOLA,IA,Y,Y,Y
19145,PAGE,IA,Y,Y,Y
19147,PALO ALTO,IA,Y,Y,Y
19149,PLYMOUTH,IA,Y,Y,Y
19151,POCAHONTAS,IA,Y,Y,Y
19153,POLK,IA,Y,Y,Y
19155,POTTAWATTAMIE,IA,Y,Y,Y
19157,POWESHIEK,IA,Y,Y,Y
19159,RINGGOLD,IA,Y,Y,Y
19161,SAC,IA,Y,Y,Y
19163,SCOTT,IA,Y,Y,Y
19165,SHELBY,IA,Y,Y,Y
19167,SIOUX,IA,Y,Y,Y
19169,STORY,IA,Y,Y,Y
19171,TAMA,IA,Y,Y,Y
19173,TAYLOR,IA,Y,Y,Y
19175,UNION,IA,Y,Y,Y
19177,VAN BUREN,IA,Y,Y,Y
19179,WAPELLO,IA,Y,Y,Y
19181,WARREN,IA,Y,Y,Y
19183,WASHINGTON,IA,Y,Y,Y
19185,WAYNE,IA,Y,Y,Y
19187,WEBSTER,IA,Y,Y,Y
19189,WINNEBAGO,IA,Y,Y,Y
19191,WINNESHIEK,IA,Y,Y,Y
19193,WOODBURY,IA,Y,Y,Y
19195,WORTH,IA,Y,Y,Y
19197,WRIGHT,IA,Y,Y,Y
20001,ALLEN,KS,Y,Y,Y
20003,ANDERSON,KS,Y,N,N
20005,ATCHISON,KS,Y,N,N
20007,BARBER,KS,Y,N,N
20009,BARTON,KS,Y,Y,Y
20011,BOURBON,KS,Y,Y,Y
20013,BROWN,KS,Y,Y,Y
20015,BUTLER,KS,Y,Y,Y
20017,CHASE,KS,Y,Y,Y
20019,CHAUTAUQUA,KS,Y,N,N
20021,CHEROKEE,KS,Y,Y,Y
20023,CHEYENNE,KS,Y,N,N
20025,CLARK,KS,Y,N,N
20027,CLAY,KS,Y,N,N
20029,CLOUD,KS,Y,Y,Y
20031,COFFEY,KS,Y,N,N
20033,COMANCHE,KS,Y,N,N
20035,COWLEY,KS,Y,Y,Y
20037,CRAWFORD,KS,Y,Y,Y
20039,DECATUR,KS,Y,N,N
20041,DICKINSON,KS,Y,Y,Y
20043,DONIPHAN,KS,Y,N,N
20045,DOUGLAS,KS,Y,Y,Y
20047,EDWARDS,KS,Y,N,N
20049,ELK,KS,Y,N,N
20051,ELLIS,KS,Y,Y,Y
20053,ELLSWORTH,KS,Y,N,N
20055,FINNEY,KS,Y,Y,Y
20057,FORD,KS,Y,N,N
20059,FRANKLIN,KS,Y,Y,Y
20061,GEARY,KS,Y,Y,Y
20063,GOVE,KS,Y,N,N
20065,GRAHAM,KS,Y,N,N
20067,GRANT,KS,Y,Y,Y
20069,GRAY,KS,Y,Y,Y
20071,GREELEY,KS,Y,N,N
20073,GREENWOOD,KS,Y,Y,Y
20075,HAMILTON,KS,Y,N,N
20077,HARPER,KS,Y,N,N
20079,HARVEY,KS,Y,N,N
20081,HASKELL,KS,Y,N,N
20083,HODGEMAN,KS,Y,N,N
20085,JACKSON,KS,Y,N,N
20087,JEFFERSON,KS,Y,Y,Y
20089,JEWELL,KS,Y,N,N
20091,JOHNSON,KS,Y,Y,Y
20093,KEARNY,KS,Y,N,N
20095,KINGMAN,KS,Y,Y,Y
20097,KIOWA,KS,Y,N,N
20099,LABETTE,KS,Y,Y,N
20101,LANE,KS,Y,N,N
20103,LEAVENWORTH,KS,Y,N,N
20105,LINCOLN,KS,Y,N,N
20107,LINN,KS,Y,N,N
20109,LOGAN,KS,Y,N,N
20111,LYON,KS,Y,Y,Y
20113,MCPHERSON,KS,Y,Y,Y
20115,MARION,KS,Y,Y,Y
20117,MARSHALL,KS,Y,N,N
20119,MEADE,KS,Y,N,N
20121,MIAMI,KS,Y,Y,Y
20123,MITCHELL,KS,Y,N,N
20125,MONTGOMERY,KS,Y,Y,Y
20127,MORRIS,KS,Y,N,N
20129,MORTON,KS,Y,N,N
20131,NEMAHA,KS,Y,N,N
20133,NEOSHO,KS,Y,N,N
20135,NESS,KS,Y,N,N
20137,NORTON,KS,Y,N,N
20139,OSAGE,KS,Y,Y,Y
20141,OSBORNE,KS,Y,N,N
20143,OTTAWA,KS,Y,Y,Y
20145,PAWNEE,KS,Y,N,N
20147,PHILLIPS,KS,Y,N,N
20149,POTTAWATOMIE,KS,Y,Y,Y
20151,PRATT,KS,Y,N,N
20153,RAWLINS,KS,Y,N,N
20155,RENO,KS,Y,N,N
20157,REPUBLIC,KS,Y,N,N
20159,RICE,KS,Y,N,N
20161,RILEY,KS,Y,Y,Y
20163,ROOKS,KS,Y,N,N
20165,RUSH,KS,Y,N,N
20167,RUSSELL,KS,Y,Y,Y
20169,SALINE,KS,Y,Y,Y
20171,SCOTT,KS,Y,N,N
20173,SEDGWICK,KS,Y,Y,Y
20175,SEWARD,KS,Y,N,N
20177,SHAWNEE,KS,Y,Y,Y
20179,SHERIDAN,KS,Y,N,N
20181,SHERMAN,KS,Y,N,N
20183,SMITH,KS,Y,N,N
20185,STAFFORD,KS,Y,N,N
20187,STANTON,KS,Y,N,N
20189,STEVENS,KS,Y,N,N
20191,SUMNER,KS,Y,Y,Y
20193,THOMAS,KS,Y,Y,Y
20195,TREGO,KS,Y,N,N
20197,WABAUNSEE,KS,Y,N,N
20199,WALLACE,KS,Y,N,N
20201,WASHINGTON,KS,Y,N,N
20203,WICHITA,KS,Y,N,N
20205,WILSON,KS,Y,Y,Y
20207,WOODSON,KS,Y,N,N
20209,WYANDOTTE,KS,Y,Y,Y
21001,ADAIR,KY,Y,Y,Y
21003,ALLEN,KY,Y,Y,Y
21005,ANDERSON,KY,Y,Y,Y
21007,BALLARD,KY,Y,Y,Y
21009,BARREN,KY,Y,Y,Y
21011,BATH,KY,Y,Y,Y
21013,BELL,KY,Y,Y,Y
21015,BOONE,KY,Y,Y,Y
21017,BOURBON,KY,Y,Y,Y
21019,BOYD,KY,Y,Y,Y
21021,BOYLE,KY,Y,Y,Y
21023,BRACKEN,KY,Y,Y,Y
21025,BREATHITT,KY,Y,Y,Y
21027,BRECKINRIDGE,KY,Y,Y,Y
21029,BULLITT,KY,Y,Y,Y
21031,BUTLER,KY,Y,Y,Y
21033,CALDWELL,KY,Y,Y,Y
21035,CALLOWAY,KY,Y,Y,Y
21037,CAMPBELL,KY,Y,Y,Y
21039,CARLISLE,KY,Y,N,N
21041,CARROLL,KY,Y,Y,Y
21043,CARTER,KY,Y,Y,Y
21045,CASEY,KY,Y,Y,Y
21047,CHRISTIAN,KY,Y,Y,Y
21049,CLARK,KY,Y,Y,Y
21051,CLAY,KY,Y,Y,Y
21053,CLINTON,KY,Y,Y,Y
21055,CRITTENDEN,KY,Y,Y,Y
21057,CUMBERLAND,KY,Y,Y,Y
21059,DAVIESS,KY,Y,Y,Y
21061,EDMONSON,KY,Y,Y,Y
21063,ELLIOTT,KY,Y,Y,Y
21065,ESTILL,KY,Y,Y,Y
21067,FAYETTE,KY,Y,Y,Y
21069,FLEMING,KY,Y,Y,Y
21071,FLOYD,KY,Y,Y,Y
21073,FRANKLIN,KY,Y,Y,Y
21075,FULTON,KY,Y,Y,Y
21077,GALLATIN,KY,Y,Y,Y
21079,GARRARD,KY,Y,Y,Y
21081,GRANT,KY,Y,Y,Y
21083,GRAVES,KY,Y,Y,Y
21085,GRAYSON,KY,Y,Y,Y
21087,GREEN,KY,Y,Y,Y
21089,GREENUP,KY,Y,Y,Y
21091,HANCOCK,KY,Y,Y,Y
21093,HARDIN,KY,Y,Y,Y
21095,HARLAN,KY,Y,Y,Y
21097,HARRISON,KY,Y,Y,Y
21099,HART,KY,Y,Y,Y
21101,HENDERSON,KY,Y,Y,Y
21103,HENRY,KY,Y,Y,Y
21105,HICKMAN,KY,Y,N,Y
21107,HOPKINS,KY,Y,Y,Y
21109,JACKSON,KY,Y,Y,Y
21111,JEFFERSON,KY,Y,Y,Y
21113,JESSAMINE,KY,Y,Y,Y
21115,JOHNSON,KY,Y,Y,Y
21117,KENTON,KY,Y,Y,Y
21119,KNOTT,KY,Y,Y,Y
21121,KNOX,KY,Y,Y,Y
21123,LARUE,KY,Y,Y,Y
21125,LAUREL,KY,Y,Y,Y
21127,LAWRENCE,KY,Y,Y,Y
21129,LEE,KY,Y,Y,Y
21131,LESLIE,KY,Y,Y,Y
21133,LETCHER,KY,Y,Y,Y
21135,LEWIS,KY,Y,Y,Y
21137,LINCOLN,KY,Y,Y,Y
21139,LIVINGSTON,KY,Y,Y,Y
21141,LOGAN,KY,Y,Y,Y
21143,LYON,KY,Y,Y,Y
21145,MCCRACKEN,KY,Y,Y,Y
21147,MCCREARY,KY,Y,Y,Y
21149,MCLEAN,KY,Y,Y,Y
21151,MADISON,KY,Y,Y,Y
21153,MAGOFFIN,KY,Y,Y,Y
21155,MARION,KY,Y,Y,Y
21157,MARSHALL,KY,Y,Y,Y
21159,MARTIN,KY,Y,Y,Y
21161,MASON,KY,Y,Y,Y
21163,MEADE,KY,Y,Y,Y
21165,MENIFEE,KY,Y,Y,Y
21167,MERCER,KY,Y,Y,Y
21169,METCALFE,KY,Y,Y,Y
21171,MONROE,KY,Y,Y,Y
21173,MONTGOMERY,KY,Y,Y,Y
21175,MORGAN,KY,Y,Y,Y
21177,MUHLENBERG,KY,Y,Y,Y
21179,NELSON,KY,Y,Y,Y
21181,NICHOLAS,KY,Y,N,Y
21183,OHIO,KY,Y,Y,N
21185,OLDHAM,KY,Y,Y,Y
21187,OWEN,KY,Y,Y,Y
21189,OWSLEY,KY,Y,N,N
21191,PENDLETON,KY,Y,Y,Y
21193,PERRY,KY,Y,Y,Y
21195,PIKE,KY,Y,Y,Y
21197,POWELL,KY,Y,Y,Y
21199,PULASKI,KY,Y,Y,Y
21201,ROBERTSON,KY,Y,N,N
21203,ROCKCASTLE,KY,Y,Y,Y
21205,ROWAN,KY,Y,Y,Y
21207,RUSSELL,KY,Y,Y,Y
21209,SCOTT,KY,Y,Y,Y
21211,SHELBY,KY,Y,Y,Y
21213,SIMPSON,KY,Y,Y,Y
21215,SPENCER,KY,Y,Y,Y
21217,TAYLOR,KY,Y,Y,Y
21219,TODD,KY,Y,Y,Y
21221,TRIGG,KY,Y,Y,Y
21223,TRIMBLE,KY,Y,Y,Y
21225,UNION,KY,Y,Y,Y
21227,WARREN,KY,Y,Y,Y
21229,WASHINGTON,KY,Y,Y,Y
21231,WAYNE,KY,Y,Y,Y
21233,WEBSTER,KY,Y,Y,Y
21235,WHITLEY,KY,Y,Y,Y
21237,WOLFE,KY,Y,Y,Y
21239,WOODFORD,KY,Y,Y,Y
22001,ACADIA,LA,Y,Y,Y
22003,ALLEN,LA,Y,Y,Y
22005,ASCENSION,LA,Y,N,N
22007,ASSUMPTION,LA,Y,Y,Y
22009,AVOYELLES,LA,Y,Y,Y
22011,BEAUREGARD,LA,Y,Y,Y
22013,BIENVILLE,LA,Y,Y,Y
22015,BOSSIER,LA,Y,Y,Y
22017,CADDO,LA,Y,Y,Y
22019,CALCASIEU,LA,Y,Y,Y
22021,CALDWELL,LA,Y,Y,Y
22023,CAMERON,LA,Y,Y,Y
22025,CATAHOULA,LA,Y,Y,Y
22027,CLAIBORNE,LA,Y,Y,Y
22029,CONCORDIA,LA,Y,Y,Y
22031,DE SOTO,LA,Y,Y,Y
22033,EAST BATON ROUGE,LA,Y,Y,Y
22035,EAST CARROLL,LA,Y,Y,Y
22037,EAST FELICIANA,LA,Y,Y,Y
22039,EVANGELINE,LA,Y,Y,Y
22041,FRANKLIN,LA,Y,Y,Y
22043,GRANT,LA,Y,Y,Y
22045,IBERIA,LA,Y,Y,Y
22047,IBERVILLE,LA,Y,Y,Y
22049,JACKSON,LA,Y,Y,Y
22051,JEFFERSON,LA,Y,Y,Y
22053,JEFFERSON DAVIS,LA,Y,Y,Y
22055,LAFAYETTE,LA,Y,Y,Y
22057,LAFOURCHE,LA,Y,Y,Y
22059,LA SALLE,LA,Y,Y,Y
22061,LINCOLN,LA,Y,Y,Y
22063,LIVINGSTON,LA,Y,Y,Y
22065,MADISON,LA,Y,Y,Y
22067,MOREHOUSE,LA,Y,Y,Y
22069,NATCHITOCHES,LA,Y,N,N
22071,ORLEANS,LA,Y,Y,Y
22073,OUACHITA,LA,Y,Y,Y
22075,PLAQUEMINES,LA,Y,Y,Y
22077,POINTE COUPEE,LA,Y,Y,Y
22079,RAPIDES,LA,Y,Y,Y
22081,RED RIVER,LA,Y,Y,Y
22083,RICHLAND,LA,Y,Y,Y
22085,SABINE,LA,Y,Y,Y
22087,ST BERNARD,LA,Y,Y,Y
22089,ST CHARLES,LA,Y,Y,Y
22091,ST HELENA,LA,Y,Y,Y
22093,ST JAMES,LA,Y,N,Y
22095,ST JOHN THE BAPTIST,LA,Y,Y,N
22097,ST LANDRY,LA,Y,Y,Y
22099,ST MARTIN,LA,Y,Y,Y
22101,ST MARY,LA,Y,Y,Y
22103,ST TAMMANY,LA,Y,Y,Y
22105,TANGIPAHOA,LA,Y,Y,Y
22107,TENSAS,LA,Y,N,N
22109,TERREBONNE,LA,Y,Y,Y
22111,UNION,LA,Y,Y,Y
22113,VERMILION,LA,Y,Y,Y
22115,VERNON,LA,Y,Y,Y
22117,WASHINGTON,LA,Y,Y,Y
22119,WEBSTER,LA,Y,Y,Y
22121,WEST BATON ROUGE,LA,Y,Y,Y
22123,WEST CARROLL,LA,Y,Y,Y
22125,WEST FELICIANA,LA,Y,Y,Y
22127,WINN,LA,Y,Y,Y
23001,ANDROSCOGGIN,ME,Y,Y,Y
23003,AROOSTOOK,ME,Y,Y,Y
23005,CUMBERLAND,ME,Y,Y,Y
23007,FRANKLIN,ME,Y,Y,Y
23009,HANCOCK,ME,Y,Y,Y
23011,KENNEBEC,ME,Y,Y,Y
23013,KNOX,ME,Y,Y,Y
23015,LINCOLN,ME,Y,Y,Y
23017,OXFORD,ME,Y,Y,Y
23019,PENOBSCOT,ME,Y,Y,Y
23021,PISCATAQUIS,ME,Y,Y,Y
23023,SAGADAHOC,ME,Y,Y,Y
23025,SOMERSET,ME,Y,Y,Y
23027,WALDO,ME,Y,Y,Y
23029,WASHINGTON,ME,Y,Y,Y
23031,YORK,ME,Y,Y,Y
24001,ALLEGANY,MD,Y,Y,Y
24003,ANNE ARUNDEL,MD,Y,Y,Y
24005,BALTIMORE,MD,Y,Y,Y
24009,CALVERT,MD,Y,Y,Y
24011,CAROLINE,MD,Y,Y,Y
24013,CARROLL,MD,Y,Y,Y
24015,CECIL,MD,Y,Y,Y
24017,CHARLES,MD,Y,Y,Y
24019,DORCHESTER,MD,Y,Y,Y
24021,FREDERICK,MD,Y,Y,Y
24023,GARRETT,MD,Y,Y,Y
24025,HARFORD,MD,Y,Y,Y
24027,HOWARD,MD,Y,Y,Y
24029,KENT,MD,Y,Y,Y
24031,MONTGOMERY,MD,Y,Y,Y
24033,PRINCE GEORGES,MD,Y,Y,Y
24035,QUEEN ANNES,MD,Y,Y,Y
24037,ST MARYS,MD,Y,Y,Y
24039,SOMERSET,MD,Y,Y,Y
24041,TALBOT,MD,Y,Y,Y
24043,WASHINGTON,MD,Y,Y,Y
24045,WICOMICO,MD,Y,Y,Y
24047,WORCESTER,MD,Y,Y,Y
24510,BALTIMORE CITY,MD,Y,Y,Y
25001,BARNSTABLE,MA,Y,Y,Y
25003,BERKSHIRE,MA,Y,Y,Y
25005,BRISTOL,MA,Y,Y,Y
25007,DUKES,MA,Y,Y,Y
25009,ESSEX,MA,Y,Y,Y
25011,FRANKLIN,MA,Y,Y,Y
25013,HAMPDEN,MA,Y,Y,Y
25015,HAMPSHIRE,MA,Y,Y,Y
25017,MIDDLESEX,MA,Y,Y,Y
25019,NANTUCKET,MA,Y,Y,Y
25021,NORFOLK,MA,Y,Y,Y
25023,PLYMOUTH,MA,Y,Y,Y
25025,SUFFOLK,MA,Y,Y,Y
25027,WORCESTER,MA,Y,Y,Y
26001,ALCONA,MI,Y,Y,Y
26003,ALGER,MI,Y,Y,Y
26005,ALLEGAN,MI,Y,Y,Y
26007,ALPENA,MI,Y,Y,Y
26009,ANTRIM,MI,Y,Y,Y
26011,ARENAC,MI,Y,Y,Y
26013,BARAGA,MI,Y,Y,Y
26015,BARRY,MI,Y,Y,Y
26017,BAY,MI,Y,Y,Y
26019,BENZIE,MI,Y,Y,Y
26021,BERRIEN,MI,Y,Y,Y
26023,BRANCH,MI,Y,Y,Y
26025,CALHOUN,MI,Y,Y,Y
26027,CASS,MI,Y,Y,Y
26029,CHARLEVOIX,MI,Y,N,N
26031,CHEBOYGAN,MI,Y,Y,Y
26033,CHIPPEWA,MI,Y,Y,Y
26035,CLARE,MI,Y,Y,Y
26037,CLINTON,MI,Y,Y,Y
26039,CRAWFORD,MI,Y,Y,Y
26041,DELTA,MI,Y,Y,Y
26043,DICKINSON,MI,Y,Y,Y
26045,EATON,MI,Y,Y,Y
26047,EMMET,MI,Y,Y,Y
26049,GENESEE,MI,Y,Y,Y
26051,GLADWIN,MI,Y,Y,Y
26053,GOGEBIC,MI,Y,Y,Y
26055,GRAND TRAVERSE,MI,Y,Y,Y
26057,GRATIOT,MI,Y,Y,Y
26059,HILLSDALE,MI,Y,Y,Y
26061,HOUGHTON,MI,Y,Y,Y
26063,HURON,MI,Y,Y,Y
26065,INGHAM,MI,Y,Y,Y
26067,IONIA,MI,Y,Y,Y
26069,IOSCO,MI,Y,Y,Y
26071,IRON,MI,Y,Y,Y
26073,ISABELLA,MI,Y,Y,Y
26075,JACKSON,MI,Y,Y,Y
26077,KALAMAZOO,MI,Y,Y,Y
26079,KALKASKA,MI,Y,Y,Y
26081,KENT,MI,Y,Y,Y
26083,KEWEENAW,MI,Y,Y,Y
26085,LAKE,MI,Y,Y,Y
26087,LAPEER,MI,Y,Y,Y
26089,LEELANAU,MI,Y,Y,Y
26091,LENAWEE,MI,Y,Y,Y
26093,LIVINGSTON,MI,Y,Y,Y
26095,LUCE,MI,Y,Y,Y
26097,MACKINAC,MI,Y,Y,Y
26099,MACOMB,MI,Y,Y,Y
26101,MANISTEE,MI,Y,Y,Y
26103,MARQUETTE,MI,Y,Y,Y
26105,MASON,MI,Y,Y,Y
26107,MECOSTA,MI,Y,Y,Y
26109,MENOMINEE,MI,Y,Y,Y
26111,MIDLAND,MI,Y,Y,Y
26113,MISSAUKEE,MI,Y,Y,Y
26115,MONROE,MI,Y,Y,Y
26117,MONTCALM,MI,Y,Y,Y
26119,MONTMORENCY,MI,Y,N,Y
26121,MUSKEGON,MI,Y,Y,Y
26123,NEWAYGO,MI,Y,Y,Y
26125,OAKLAND,MI,Y,Y,Y
26127,OCEANA,MI,Y,Y,Y
26129,OGEMAW,MI,Y,Y,Y
26131,ONTONAGON,MI,Y,Y,Y
26133,OSCEOLA,MI,Y,N,N
26135,OSCODA,MI,Y,Y,Y
26137,OTSEGO,MI,Y,Y,Y
26139,OTTAWA,MI,Y,Y,Y
26141,PRESQUE ISLE,MI,Y,Y,Y
26143,ROSCOMMON,MI,Y,Y,Y
26145,SAGINAW,MI,Y,Y,Y
26147,ST CLAIR,MI,Y,Y,Y
26149,ST JOSEPH,MI,Y,Y,Y
26151,SANILAC,MI,Y,Y,Y
26153,SCHOOLCRAFT,MI,Y,Y,Y
26155,SHIAWASSEE,MI,Y,Y,Y
26157,TUSCOLA,MI,Y,Y,Y
26159,VAN BUREN,MI,Y,Y,Y
26161,WASHTENAW,MI,Y,Y,Y
26163,WAYNE,MI,Y,Y,Y
26165,WEXFORD,MI,Y,Y,Y
27001,AITKIN,MN,Y,Y,Y
27003,ANOKA,MN,Y,Y,Y
27005,BECKER,MN,Y,Y,Y
27007,BELTRAMI,MN,Y,Y,Y
27009,BENTON,MN,Y,Y,Y
27011,BIG STONE,MN,Y,N,N
27013,BLUE EARTH,MN,Y,Y,Y
27015,BROWN,MN,Y,Y,Y
27017,CARLTON,MN,Y,Y,Y
27019,CARVER,MN,Y,Y,Y
27021,CASS,MN,Y,Y,Y
27023,CHIPPEWA,MN,Y,Y,Y
27025,CHISAGO,MN,Y,Y,Y
27027,CLAY,MN,Y,Y,Y
27029,CLEARWATER,MN,Y,N,N
27031,COOK,MN,Y,N,N
27033,COTTONWOOD,MN,Y,N,N
27035,CROW WING,MN,Y,N,N
27037,DAKOTA,MN,Y,Y,Y
27039,DODGE,MN,Y,Y,Y
27041,DOUGLAS,MN,Y,Y,Y
27043,FARIBAULT,MN,Y,Y,Y
27045,FILLMORE,MN,Y,Y,Y
27047,FREEBORN,MN,Y,Y,Y
27049,GOODHUE,MN,Y,Y,Y
27051,GRANT,MN,Y,N,N
27053,HENNEPIN,MN,Y,Y,Y
27055,HOUSTON,MN,Y,Y,Y
27057,HUBBARD,MN,Y,Y,Y
27059,ISANTI,MN,Y,Y,Y
27061,ITASCA,MN,Y,Y,Y
27063,JACKSON,MN,Y,Y,Y
27065,KANABEC,MN,Y,Y,Y
27067,KANDIYOHI,MN,Y,Y,Y
27069,KITTSON,MN,Y,N,N
27071,KOOCHICHING,MN,Y,Y,Y
27073,LAC QUI PARLE,MN,Y,Y,Y
27075,LAKE,MN,Y,Y,Y
27077,LAKE OF THE WOODS,MN,Y,N,N
27079,LE SUEUR,MN,Y,Y,Y
27081,LINCOLN,MN,Y,N,N
27083,LYON,MN,Y,Y,Y
27085,MCLEOD,MN,Y,Y,Y
27087,MAHNOMEN,MN,Y,N,N
27089,MARSHALL,MN,Y,N,N
27091,MARTIN,MN,Y,Y,Y
27093,MEEKER,MN,Y,Y,Y
27095,MILLE LACS,MN,Y,Y,Y
27097,MORRISON,MN,Y,Y,Y
27099,MOWER,MN,Y,Y,Y
27101,MURRAY,MN,Y,N,N
27103,NICOLLET,MN,Y,Y,Y
27105,NOBLES,MN,Y,N,N
27107,NORMAN,MN,Y,N,N
27109,OLMSTED,MN,Y,Y,Y
27111,OTTER TAIL,MN,Y,N,N
27113,PENNINGTON,MN,Y,Y,Y
27115,PINE,MN,Y,Y,Y
27117,PIPESTONE,MN,Y,Y,Y
27119,POLK,MN,Y,N,N
27121,POPE,MN,Y,N,N
27123,RAMSEY,MN,Y,Y,Y
27125,RED LAKE,MN,Y,N,N
27127,REDWOOD,MN,Y,Y,Y
27129,RENVILLE,MN,Y,Y,Y
27131,RICE,MN,Y,Y,Y
27133,ROCK,MN,Y,Y,Y
27135,ROSEAU,MN,Y,Y,Y
27137,ST LOUIS,MN,Y,Y,Y
27139,SCOTT,MN,Y,Y,Y
27141,SHERBURNE,MN,Y,Y,Y
27143,SIBLEY,MN,Y,Y,Y
27145,STEARNS,MN,Y,Y,N
27147,STEELE,MN,Y,Y,Y
27149,STEVENS,MN,Y,N,N
27151,SWIFT,MN,Y,Y,Y
27153,TODD,MN,Y,Y,Y
27155,TRAVERSE,MN,Y,N,N
27157,WABASHA,MN,Y,Y,Y
27159,WADENA,MN,Y,Y,Y
27161,WASECA,MN,Y,Y,Y
27163,WASHINGTON,MN,Y,Y,Y
27165,WATONWAN,MN,Y,Y,Y
27167,WILKIN,MN,Y,Y,Y
27169,WINONA,MN,Y,Y,Y
27171,WRIGHT,MN,Y,Y,N
27173,YELLOW MEDICINE,MN,Y,Y,Y
28001,ADAMS,MS,Y,Y,Y
28003,ALCORN,MS,Y,Y,Y
28005,AMITE,MS,Y,Y,Y
28007,ATTALA,MS,Y,Y,Y
28009,BENTON,MS,Y,Y,Y
28011,BOLIVAR,MS,Y,Y,Y
28013,CALHOUN,MS,Y,Y,Y
28015,CARROLL,MS,Y,Y,Y
28017,CHICKASAW,MS,Y,Y,Y
28019,CHOCTAW,MS,Y,Y,Y
28021,CLAIBORNE,MS,Y,Y,Y
28023,CLARKE,MS,Y,Y,Y
28025,CLAY,MS,Y,Y,Y
28027,COAHOMA,MS,Y,Y,Y
28029,COPIAH,MS,Y,Y,Y
28031,COVINGTON,MS,Y,Y,Y
28033,DESOTO,MS,Y,Y,Y
28035,FORREST,MS,Y,Y,Y
28037,FRANKLIN,MS,Y,Y,Y
28039,GEORGE,MS,Y,Y,Y
28041,GREENE,MS,Y,Y,Y
28043,GRENADA,MS,Y,Y,Y
28045,HANCOCK,MS,Y,Y,Y
28047,HARRISON,MS,Y,Y,Y
28049,HINDS,MS,Y,Y,Y
28051,HOLMES,MS,Y,Y,Y
28053,HUMPHREYS,MS,Y,Y,Y
28055,ISSAQUENA,MS,Y,N,N
28057,ITAWAMBA,MS,Y,Y,Y
28059,JACKSON,MS,Y,Y,Y
28061,JASPER,MS,Y,Y,Y
28063,JEFFERSON,MS,Y,Y,Y
28065,JEFFERSON DAVIS,MS,Y,Y,Y
28067,JONES,MS,Y,Y,Y
28069,KEMPER,MS,Y,Y,Y
28071,LAFAYETTE,MS,Y,Y,Y
28073,LAMAR,MS,Y,Y,Y
28075,LAUDERDALE,MS,Y,Y,Y
28077,LAWRENCE,MS,Y,Y,Y
28079,LEAKE,MS,Y,Y,Y
28081,LEE,MS,Y,Y,Y
28083,LEFLORE,MS,Y,Y,Y
28085,LINCOLN,MS,Y,Y,Y
28087,LOWNDES,MS,Y,Y,Y
28089,MADISON,MS,Y,Y,Y
28091,MARION,MS,Y,Y,Y
28093,MARSHALL,MS,Y,Y,Y
28095,MONROE,MS,Y,Y,Y
28097,MONTGOMERY,MS,Y,Y,Y
28099,NESHOBA,MS,Y,Y,Y
28101,NEWTON,MS,Y,Y,Y
28103,NOXUBEE,MS,Y,Y,Y
28105,OKTIBBEHA,MS,Y,Y,Y
28107,PANOLA,MS,Y,Y,Y
28109,PEARL RIVER,MS,Y,Y,Y
28111,PERRY,MS,Y,Y,Y
28113,PIKE,MS,Y,Y,Y
28115,PONTOTOC,MS,Y,Y,Y
28117,PRENTISS,MS,Y,Y,Y
28119,QUITMAN,MS,Y,Y,Y
28121,RANKIN,MS,Y,Y,Y
28123,SCOTT,MS,Y,Y,Y
28125,SHARKEY,MS,Y,N,N
28127,SIMPSON,MS,Y,Y,Y
28129,SMITH,MS,Y,Y,Y
28131,STONE,MS,Y,Y,Y
28133,SUNFLOWER,MS,Y,Y,Y
28135,TALLAHATCHIE,MS,Y,Y,Y
28137,TATE,MS,Y,Y,Y
28139,TIPPAH,MS,Y,Y,Y
28141,TISHOMINGO,MS,Y,Y,Y
28143,TUNICA,MS,Y,Y,Y
28145,UNION,MS,Y,Y,Y
28147,WALTHALL,MS,Y,Y,Y
28149,WARREN,MS,Y,Y,Y
28151,WASHINGTON,MS,Y,Y,Y
28153,WAYNE,MS,Y,Y,Y
28155,WEBSTER,MS,Y,Y,Y
28157,WILKINSON,MS,Y,Y,Y
28159,WINSTON,MS,Y,Y,Y
28161,YALOBUSHA,MS,Y,Y,Y
28163,YAZOO,MS,Y,Y,Y
29001,ADAIR,MO,Y,Y,Y
29003,ANDREW,MO,Y,Y,Y
29005,ATCHISON,MO,Y,N,N
29007,AUDRAIN,MO,Y,Y,Y
29009,BARRY,MO,Y,Y,Y
29011,BARTON,MO,Y,Y,Y
29013,BATES,MO,Y,Y,Y
29015,BENTON,MO,Y,Y,Y
29017,BOLLINGER,MO,Y,Y,Y
29019,BOONE,MO,Y,Y,Y
29021,BUCHANAN,MO,Y,Y,Y
29023,BUTLER,MO,Y,Y,Y
29025,CALDWELL,MO,Y,Y,Y
29027,CALLAWAY,MO,Y,Y,Y
29029,CAMDEN,MO,Y,Y,Y
29031,CAPE GIRARDEAU,MO,Y,Y,Y
29033,CARROLL,MO,Y,Y,Y
29035,CARTER,MO,Y,N,N
29037,CASS,MO,Y,Y,Y
29039,CEDAR,MO,Y,Y,Y
29041,CHARITON,MO,Y,Y,Y
29043,CHRISTIAN,MO,Y,Y,Y
29045,CLARK,MO,Y,Y,Y
29047,CLAY,MO,Y,Y,Y
29049,CLINTON,MO,Y,N,N
29051,COLE,MO,Y,Y,Y
29053,COOPER,MO,Y,Y,Y
29055,CRAWFORD,MO,Y,Y,Y
29057,DADE,MO,Y,Y,Y
29059,DALLAS,MO,Y,Y,Y
29061,DAVIESS,MO,Y,Y,Y
29063,DEKALB,MO,Y,Y,Y
29065,DENT,MO,Y,N,Y
29067,DOUGLAS,MO,Y,Y,Y
29069,DUNKLIN,MO,Y,Y,Y
29071,FRANKLIN,MO,Y,Y,Y
29073,GASCONADE,MO,Y,Y,Y
29075,GENTRY,MO,Y,N,N
29077,GREENE,MO,Y,Y,Y
29079,GRUNDY,MO,Y,Y,Y
29081,HARRISON,MO,Y,Y,Y
29083,HENRY,MO,Y,N,Y
29085,HICKORY,MO,Y,N,N
29087,HOLT,MO,Y,N,N
29089,HOWARD,MO,Y,Y,Y
29091,HOWELL,MO,Y,Y,Y
29093,IRON,MO,Y,Y,Y
29095,JACKSON,MO,Y,Y,Y
29097,JASPER,MO,Y,Y,Y
29099,JEFFERSON,MO,Y,Y,Y
29101,JOHNSON,MO,Y,Y,Y
29103,KNOX,MO,Y,N,N
29105,LACLEDE,MO,Y,Y,Y
29107,LAFAYETTE,MO,Y,Y,Y
29109,LAWRENCE,MO,Y,Y,Y
29111,LEWIS,MO,Y,Y,Y
29113,LINCOLN,MO,Y,Y,Y
29115,LINN,MO,Y,Y,Y
29117,LIVINGSTON,MO,Y,Y,Y
29119,MCDONALD,MO,Y,Y,Y
29121,MACON,MO,Y,Y,Y
29123,MADISON,MO,Y,Y,Y
29125,MARIES,MO,Y,Y,Y
29127,MARION,MO,Y,Y,Y
29129,MERCER,MO,Y,N,N
29131,MILLER,MO,Y,Y,Y
29133,MISSISSIPPI,MO,Y,Y,Y
29135,MONITEAU,MO,Y,Y,Y
29137,MONROE,MO,Y,Y,Y
29139,MONTGOMERY,MO,Y,Y,Y
29141,MORGAN,MO,Y,Y,Y
29143,NEW MADRID,MO,Y,Y,Y
29145,NEWTON,MO,Y,Y,Y
29147,NODAWAY,MO,Y,Y,Y
29149,OREGON,MO,Y,Y,Y
29151,OSAGE,MO,Y,Y,Y
29153,OZARK,MO,Y,Y,Y
29155,PEMISCOT,MO,Y,Y,Y
29157,PERRY,MO,Y,Y,Y
29159,PETTIS,MO,Y,N,N
29161,PHELPS,MO,Y,Y,Y
29163,PIKE,MO,Y,Y,Y
29165,PLATTE,MO,Y,Y,Y
29167,POLK,MO,Y,N,N
29169,PULASKI,MO,Y,Y,Y
29171,PUTNAM,MO,Y,N,N
29173,RALLS,MO,Y,Y,Y
29175,RANDOLPH,MO,Y,Y,Y
29177,RAY,MO,Y,N,N
29179,REYNOLDS,MO,Y,Y,Y
29181,RIPLEY,MO,Y,Y,Y
29183,ST CHARLES,MO,Y,Y,Y
29185,ST CLAIR,MO,Y,Y,Y
29186,SAINTE GENEVIEVE,MO,Y,Y,Y
29187,ST FRANCOIS,MO,Y,N,N
29189,ST LOUIS,MO,Y,Y,Y
29195,SALINE,MO,Y,Y,Y
29197,SCHUYLER,MO,Y,Y,Y
29199,SCOTLAND,MO,Y,N,N
29201,SCOTT,MO,Y,Y,Y
29203,SHANNON,MO,Y,Y,Y
29205,SHELBY,MO,Y,Y,Y
29207,STODDARD,MO,Y,Y,Y
29209,STONE,MO,Y,Y,Y
29211,SULLIVAN,MO,Y,Y,Y
29213,TANEY,MO,Y,Y,Y
29215,TEXAS,MO,Y,Y,Y
29217,VERNON,MO,Y,Y,Y
29219,WARREN,MO,Y,Y,Y
29221,WASHINGTON,MO,Y,Y,Y
29223,WAYNE,MO,Y,Y,Y
29225,WEBSTER,MO,Y,Y,Y
29227,WORTH,MO,Y,N,N
29229,WRIGHT,MO,Y,Y,Y
29510,ST LOUIS CITY,MO,Y,Y,Y
30001,BEAVERHEAD,MT,Y,Y,Y
30003,BIG HORN,MT,Y,Y,Y
30005,BLAINE,MT,Y,Y,Y
30007,BROADWATER,MT,Y,N,N
30009,CARBON,MT,Y,N,N
30011,CARTER,MT,Y,N,N
30013,CASCADE,MT,Y,Y,Y
30015,CHOUTEAU,MT,Y,N,N
30017,CUSTER,MT,Y,Y,Y
30019,DANIELS,MT,Y,N,N
30021,DAWSON,MT,Y,N,N
30023,DEER LODGE,MT,Y,Y,Y
30025,FALLON,MT,Y,N,N
30027,FERGUS,MT,Y,Y,Y
30029,FLATHEAD,MT,Y,Y,Y
30031,GALLATIN,MT,Y,Y,Y
30033,GARFIELD,MT,Y,Y,Y
30035,GLACIER,MT,Y,Y,Y
30037,GOLDEN VALLEY,MT,Y,N,N
30039,GRANITE,MT,Y,N,N
30041,HILL,MT,Y,Y,Y
30043,JEFFERSON,MT,Y,Y,Y
30045,JUDITH BASIN,MT,Y,Y,Y
30047,LAKE,MT,Y,Y,Y
30049,LEWIS AND CLARK,MT,Y,Y,Y
30051,LIBERTY,MT,Y,N,N
30053,LINCOLN,MT,Y,Y,Y
30055,MCCONE,MT,Y,N,N
30057,MADISON,MT,Y,Y,Y
30059,MEAGHER,MT,Y,N,N
30061,MINERAL,MT,Y,Y,Y
30063,MISSOULA,MT,Y,Y,Y
30065,MUSSELSHELL,MT,Y,N,N
30067,PARK,MT,Y,Y,Y
30069,PETROLEUM,MT,Y,N,N
30071,PHILLIPS,MT,Y,N,N
30073,PONDERA,MT,Y,N,N
30075,POWDER RIVER,MT,Y,Y,Y
30077,POWELL,MT,Y,Y,Y
30079,PRAIRIE,MT,Y,N,N
30081,RAVALLI,MT,Y,Y,Y
30083,RICHLAND,MT,Y,Y,Y
30085,ROOSEVELT,MT,Y,N,N
30087,ROSEBUD,MT,Y,Y,Y
30089,SANDERS,MT,Y,Y,Y
30091,SHERIDAN,MT,Y,N,N
30093,SILVER BOW,MT,Y,Y,Y
30095,STILLWATER,MT,Y,Y,Y
30097,SWEET GRASS,MT,Y,Y,Y
30099,TETON,MT,Y,N,N
30101,TOOLE,MT,Y,N,N
30103,TREASURE,MT,Y,N,N
30105,VALLEY,MT,Y,Y,Y
30107,WHEATLAND,MT,Y,N,N
30109,WIBAUX,MT,Y,N,N
30111,YELLOWSTONE,MT,Y,Y,Y
31001,ADAMS,NE,Y,Y,Y
31003,ANTELOPE,NE,Y,N,N
31005,ARTHUR,NE,Y,N,N
31007,BANNER,NE,Y,N,N
31009,BLAINE,NE,Y,N,N
31011,BOONE,NE,Y,N,N
31013,BOX BUTTE,NE,Y,Y,Y
31015,BOYD,NE,Y,N,N
31017,BROWN,NE,Y,Y,Y
31019,BUFFALO,NE,Y,Y,Y
31021,BURT,NE,Y,Y,Y
31023,BUTLER,NE,Y,Y,Y
31025,CASS,NE,Y,Y,Y
31027,CEDAR,NE,Y,Y,Y
31029,CHASE,NE,Y,N,N
31031,CHERRY,NE,Y,Y,Y
31033,CHEYENNE,NE,Y,Y,Y
31035,CLAY,NE,Y,Y,Y
31037,COLFAX,NE,Y,Y,Y
31039,CUMING,NE,Y,Y,Y
31041,CUSTER,NE,Y,Y,Y
31043,DAKOTA,NE,Y,Y,Y
31045,DAWES,NE,Y,Y,Y
31047,DAWSON,NE,Y,Y,Y
31049,DEUEL,NE,Y,N,N
31051,DIXON,NE,Y,Y,Y
31053,DODGE,NE,Y,Y,Y
31055,DOUGLAS,NE,Y,Y,Y
31057,DUNDY,NE,Y,N,N
31059,FILLMORE,NE,Y,N,N
31061,FRANKLIN,NE,Y,N,N
31063,FRONTIER,NE,Y,Y,Y
31065,FURNAS,NE,Y,N,N
31067,GAGE,NE,Y,Y,Y
31069,GARDEN,NE,Y,N,N
31071,GARFIELD,NE,Y,N,N
31073,GOSPER,NE,Y,N,N
31075,GRANT,NE,Y,N,N
31077,GREELEY,NE,Y,N,N
31079,HALL,NE,Y,Y,Y
31081,HAMILTON,NE,Y,Y,Y
31083,HARLAN,NE,Y,N,N
31085,HAYES,NE,Y,N,N
31087,HITCHCOCK,NE,Y,N,N
31089,HOLT,NE,Y,Y,Y
31091,HOOKER,NE,Y,N,N
31093,HOWARD,NE,Y,Y,Y
31095,JEFFERSON,NE,Y,Y,Y
31097,JOHNSON,NE,Y,N,N
31099,KEARNEY,NE,Y,Y,Y
31101,KEITH,NE,Y,Y,Y
31103,KEYA PAHA,NE,Y,N,N
31105,KIMBALL,NE,Y,N,N
31107,KNOX,NE,Y,Y,Y
31109,LANCASTER,NE,Y,Y,Y
31111,LINCOLN,NE,Y,Y,Y
31113,LOGAN,NE,Y,N,N
31115,LOUP,NE,Y,N,N
31117,MCPHERSON,NE,Y,N,N
31119,MADISON,NE,Y,Y,Y
31121,MERRICK,NE,Y,Y,Y
31123,MORRILL,NE,Y,N,N
31125,NANCE,NE,Y,N,N
31127,NEMAHA,NE,Y,Y,Y
31129,NUCKOLLS,NE,Y,N,N
31131,OTOE,NE,Y,Y,Y
31133,PAWNEE,NE,Y,Y,Y
31135,PERKINS,NE,Y,N,N
31137,PHELPS,NE,Y,Y,Y
31139,PIERCE,NE,Y,Y,Y
31141,PLATTE,NE,Y,Y,Y
31143,POLK,NE,Y,N,N
31145,RED WILLOW,NE,Y,Y,Y
31147,RICHARDSON,NE,Y,Y,Y
31149,ROCK,NE,Y,N,N
31151,SALINE,NE,Y,Y,Y
31153,SARPY,NE,Y,Y,Y
31155,SAUNDERS,NE,Y,Y,Y
31157,SCOTTS BLUFF,NE,Y,Y,Y
31159,SEWARD,NE,Y,Y,Y
31161,SHERIDAN,NE,Y,N,N
31163,SHERMAN,NE,Y,N,N
31165,SIOUX,NE,Y,N,N
31167,STANTON,NE,Y,Y,Y
31169,THAYER,NE,Y,N,N
31171,THOMAS,NE,Y,N,N
31173,THURSTON,NE,Y,Y,Y
31175,VALLEY,NE,Y,N,N
31177,WASHINGTON,NE,Y,Y,Y
31179,WAYNE,NE,Y,Y,Y
31181,WEBSTER,NE,Y,Y,Y
31183,WHEELER,NE,Y,N,N
31185,YORK,NE,Y,Y,Y
32001,CHURCHILL,NV,Y,Y,Y
32003,CLARK,NV,Y,Y,Y
32005,DOUGLAS,NV,Y,Y,Y
32007,ELKO,NV,Y,Y,Y
32009,ESMERALDA,NV,Y,Y,Y
32011,EUREKA,NV,Y,Y,Y
32013,HUMBOLDT,NV,Y,Y,Y
32015,LANDER,NV,Y,Y,Y
32017,LINCOLN,NV,Y,Y,Y
32019,LYON,NV,Y,Y,Y
32021,MINERAL,NV,Y,Y,Y
32023,NYE,NV,Y,Y,Y
32027,PERSHING,NV,Y,N,N
32029,STOREY,NV,Y,Y,Y
32031,WASHOE,NV,Y,Y,Y
32033,WHITE PINE,NV,Y,Y,Y
32510,CARSON CITY,NV,Y,Y,Y
33001,BELKNAP,NH,Y,Y,Y
33003,CARROLL,NH,Y,Y,Y
33005,CHESHIRE,NH,Y,Y,Y
33007,COOS,NH,Y,Y,Y
33009,GRAFTON,NH,Y,Y,Y
33011,HILLSBOROUGH,NH,Y,Y,Y
33013,MERRIMACK,NH,Y,Y,Y
33015,ROCKINGHAM,NH,Y,Y,Y
33017,STRAFFORD,NH,Y,Y,Y
33019,SULLIVAN,NH,Y,Y,Y
34001,ATLANTIC,NJ,Y,Y,Y
34003,BERGEN,NJ,Y,Y,Y
34005,BURLINGTON,NJ,Y,Y,Y
34007,CAMDEN,NJ,Y,Y,Y
34009,CAPE MAY,NJ,Y,Y,Y
34011,CUMBERLAND,NJ,Y,Y,Y
34013,ESSEX,NJ,Y,Y,Y
34015,GLOUCESTER,NJ,Y,Y,Y
34017,HUDSON,NJ,Y,Y,Y
34019,HUNTERDON,NJ,Y,Y,Y
34021,MERCER,NJ,Y,Y,Y
34023,MIDDLESEX,NJ,Y,Y,Y
34025,MONMOUTH,NJ,Y,Y,Y
34027,MORRIS,NJ,Y,Y,Y
34029,OCEAN,NJ,Y,Y,Y
34031,PASSAIC,NJ,Y,Y,Y
34033,SALEM,NJ,Y,Y,Y
34035,SOMERSET,NJ,Y,Y,Y
34037,SUSSEX,NJ,Y,Y,Y
34039,UNION,NJ,Y,Y,Y
34041,WARREN,NJ,Y,Y,Y
35001,BERNALILLO,NM,Y,Y,Y
35003,CATRON,NM,Y,N,N
35005,CHAVES,NM,Y,Y,Y
35006,CIBOLA,NM,Y,Y,Y
35007,COLFAX,NM,Y,Y,Y
35009,CURRY,NM,Y,Y,Y
35011,DE BACA,NM,Y,N,N
35013,DONA ANA,NM,Y,Y,Y
35015,EDDY,NM,Y,Y,Y
35017,GRANT,NM,Y,Y,Y
35019,GUADALUPE,NM,Y,Y,Y
35021,HARDING,NM,Y,N,N
35023,HIDALGO,NM,Y,N,N
35025,LEA,NM,Y,Y,Y
35027,LINCOLN,NM,Y,Y,Y
35028,LOS ALAMOS,NM,Y,Y,Y
35029,LUNA,NM,Y,Y,Y
35031,MCKINLEY,NM,Y,Y,Y
35033,MORA,NM,Y,N,N
35035,OTERO,NM,Y,Y,Y
35037,QUAY,NM,Y,Y,Y
35039,RIO ARRIBA,NM,Y,Y,Y
35041,ROOSEVELT,NM,Y,Y,Y
35043,SANDOVAL,NM,Y,Y,Y
35045,SAN JUAN,NM,Y,Y,Y
35047,SAN MIGUEL,NM,Y,N,N
35049,SANTA FE,NM,Y,Y,Y
35051,SIERRA,NM,Y,Y,Y
35053,SOCORRO,NM,Y,Y,Y
35055,TAOS,NM,Y,Y,Y
35057,TORRANCE,NM,Y,Y,Y
35059,UNION,NM,Y,N,N
35061,VALENCIA,NM,Y,Y,Y
36001,ALBANY,NY,Y,Y,Y
36003,ALLEGANY,NY,Y,Y,Y
36005,BRONX,NY,Y,Y,Y
36007,BROOME,NY,Y,Y,Y
36009,CATTARAUGUS,NY,Y,Y,Y
36011,CAYUGA,NY,Y,Y,Y
36013,CHAUTAUQUA,NY,Y,Y,Y
36015,CHEMUNG,NY,Y,Y,Y
36017,CHENANGO,NY,Y,Y,Y
36019,CLINTON,NY,Y,Y,Y
36021,COLUMBIA,NY,Y,Y,Y
36023,CORTLAND,NY,Y,Y,Y
36025,DELAWARE,NY,Y,Y,Y
36027,DUTCHESS,NY,Y,Y,Y
36029,ERIE,NY,Y,Y,Y
36031,ESSEX,NY,Y,Y,Y
36033,FRANKLIN,NY,Y,Y,Y
36035,FULTON,NY,Y,Y,Y
36037,GENESEE,NY,Y,Y,Y
36039,GREENE,NY,Y,Y,Y
36041,HAMILTON,NY,Y,Y,Y
36043,HERKIMER,NY,Y,Y,Y
36045,JEFFERSON,NY,Y,Y,Y
36047,KINGS,NY,Y,Y,Y
36049,LEWIS,NY,Y,Y,Y
36051,LIVINGSTON,NY,Y,Y,Y
36053,MADISON,NY,Y,Y,Y
36055,MONROE,NY,Y,Y,Y
36057,MONTGOMERY,NY,Y,Y,Y
36059,NASSAU,NY,Y,Y,Y
36061,NEW YORK,NY,Y,Y,Y
36063,NIAGARA,NY,Y,Y,Y
36065,ONEIDA,NY,Y,Y,Y
36067,ONONDAGA,NY,Y,Y,Y
36069,ONTARIO,NY,Y,Y,Y
36071,ORANGE,NY,Y,Y,Y
36073,ORLEANS,NY,Y,Y,Y
36075,OSWEGO,NY,Y,Y,Y
36077,OTSEGO,NY,Y,Y,Y
36079,PUTNAM,NY,Y,Y,Y
36081,QUEENS,NY,Y,Y,Y
36083,RENSSELAER,NY,Y,Y,Y
36085,RICHMOND,NY,Y,Y,Y
36087,ROCKLAND,NY,Y,Y,Y
36089,ST LAWRENCE,NY,Y,Y,Y
36091,SARATOGA,NY,Y,Y,Y
36093,SCHENECTADY,NY,Y,Y,Y
36095,SCHOHARIE,NY,Y,Y,Y
36097,SCHUYLER,NY,Y,Y,Y
36099,SENECA,NY,Y,Y,Y
36101,STEUBEN,NY,Y,Y,Y
36103,SUFFOLK,NY,Y,Y,Y
36105,SULLIVAN,NY,Y,Y,Y
36107,TIOGA,NY,Y,Y,Y
36109,TOMPKINS,NY,Y,Y,Y
36111,ULSTER,NY,Y,Y,Y
36113,WARREN,NY,Y,Y,Y
36115,WASHINGTON,NY,Y,Y,Y
36117,WAYNE,NY,Y,Y,Y
36119,WESTCHESTER,NY,Y,Y,Y
36121,WYOMING,NY,Y,Y,Y
36123,YATES,NY,Y,Y,Y
37001,ALAMANCE,NC,Y,Y,Y
37003,ALEXANDER,NC,Y,Y,Y
37005,ALLEGHANY,NC,Y,Y,Y
37007,ANSON,NC,Y,Y,Y
37009,ASHE,NC,Y,Y,Y
37011,AVERY,NC,Y,Y,Y
37013,BEAUFORT,NC,Y,Y,N
37015,BERTIE,NC,Y,Y,Y
37017,BLADEN,NC,Y,Y,Y
37019,BRUNSWICK,NC,Y,Y,Y
37021,BUNCOMBE,NC,Y,Y,Y
37023,BURKE,NC,Y,Y,Y
37025,CABARRUS,NC,Y,Y,Y
37027,CALDWELL,NC,Y,Y,Y
37029,CAMDEN,NC,Y,Y,Y
37031,CARTERET,NC,Y,Y,Y
37033,CASWELL,NC,Y,Y,Y
37035,CATAWBA,NC,Y,Y,Y
37037,CHATHAM,NC,Y,Y,Y
37039,CHEROKEE,NC,Y,Y,Y
37041,CHOWAN,NC,Y,N,N
37043,CLAY,NC,Y,Y,Y
37045,CLEVELAND,NC,Y,Y,Y
37047,COLUMBUS,NC,Y,Y,Y
37049,CRAVEN,NC,Y,Y,Y
37051,CUMBERLAND,NC,Y,Y,Y
37053,CURRITUCK,NC,Y,Y,Y
37055,DARE,NC,Y,Y,Y
37057,DAVIDSON,NC,Y,Y,Y
37059,DAVIE,NC,Y,Y,Y
37061,DUPLIN,NC,Y,Y,Y
37063,DURHAM,NC,Y,Y,Y
37065,EDGECOMBE,NC,Y,Y,Y
37067,FORSYTH,NC,Y,Y,Y
37069,FRANKLIN,NC,Y,Y,Y
37071,GASTON,NC,Y,Y,Y
37073,GATES,NC,Y,Y,Y
37075,GRAHAM,NC,Y,Y,Y
37077,GRANVILLE,NC,Y,Y,Y
37079,GREENE,NC,Y,Y,Y
37081,GUILFORD,NC,Y,Y,Y
37083,HALIFAX,NC,Y,Y,Y
37085,HARNETT,NC,Y,Y,Y
37087,HAYWOOD,NC,Y,Y,Y
37089,HENDERSON,NC,Y,Y,Y
37091,HERTFORD,NC,Y,Y,Y
37093,HOKE,NC,Y,Y,Y
37095,HYDE,NC,Y,Y,Y
37097,IREDELL,NC,Y,Y,Y
37099,JACKSON,NC,Y,Y,Y
37101,JOHNSTON,NC,Y,Y,Y
37103,JONES,NC,Y,Y,Y
37105,LEE,NC,Y,Y,Y
37107,LENOIR,NC,Y,Y,Y
37109,LINCOLN,NC,Y,Y,Y
37111,MCDOWELL,NC,Y,Y,Y
37113,MACON,NC,Y,Y,Y
37115,MADISON,NC,Y,Y,Y
37117,MARTIN,NC,Y,Y,Y
37119,MECKLENBURG,NC,Y,Y,Y
37121,MITCHELL,NC,Y,Y,Y
37123,MONTGOMERY,NC,Y,Y,Y
37125,MOORE,NC,Y,Y,Y
37127,NASH,NC,Y,Y,Y
37129,NEW HANOVER,NC,Y,Y,Y
37131,NORTHAMPTON,NC,Y,Y,Y
37133,ONSLOW,NC,Y,Y,Y
37135,ORANGE,NC,Y,Y,Y
37137,PAMLICO,NC,Y,Y,Y
37139,PASQUOTANK,NC,Y,Y,Y
37141,PENDER,NC,Y,Y,Y
37143,PERQUIMANS,NC,Y,Y,Y
37145,PERSON,NC,Y,Y,Y
37147,PITT,NC,Y,Y,Y
37149,POLK,NC,Y,Y,Y
37151,RANDOLPH,NC,Y,Y,Y
37153,RICHMOND,NC,Y,Y,Y
37155,ROBESON,NC,Y,Y,Y
37157,ROCKINGHAM,NC,Y,Y,Y
37159,ROWAN,NC,Y,Y,Y
37161,RUTHERFORD,NC,Y,Y,Y
37163,SAMPSON,NC,Y,Y,Y
37165,SCOTLAND,NC,Y,Y,Y
37167,STANLY,NC,Y,Y,Y
37169,STOKES,NC,Y,Y,Y
37171,SURRY,NC,Y,Y,Y
37173,SWAIN,NC,Y,Y,Y
37175,TRANSYLVANIA,NC,Y,Y,Y
37177,TYRRELL,NC,Y,Y,Y
37179,UNION,NC,Y,Y,Y
37181,VANCE,NC,Y,Y,Y
37183,WAKE,NC,Y,Y,Y
37185,WARREN,NC,Y,Y,Y
37187,WASHINGTON,NC,Y,Y,Y
37189,WATAUGA,NC,Y,Y,Y
37191,WAYNE,NC,Y,Y,Y
37193,WILKES,NC,Y,Y,Y
37195,WILSON,NC,Y,Y,Y
37197,YADKIN,NC,Y,Y,Y
37199,YANCEY,NC,Y,Y,Y
38001,ADAMS,ND,Y,Y,Y
38003,BARNES,ND,Y,Y,Y
38005,BENSON,ND,Y,Y,Y
38007,BILLINGS,ND,Y,N,N
38009,BOTTINEAU,ND,Y,Y,Y
38011,BOWMAN,ND,Y,N,N
38013,BURKE,ND,Y,N,N
38015,BURLEIGH,ND,Y,Y,Y
38017,CASS,ND,Y,Y,Y
38019,CAVALIER,ND,Y,N,N
38021,DICKEY,ND,Y,N,N
38023,DIVIDE,ND,Y,N,N
38025,DUNN,ND,Y,N,N
38027,EDDY,ND,Y,N,N
38029,EMMONS,ND,Y,Y,Y
38031,FOSTER,ND,Y,N,N
38033,GOLDEN VALLEY,ND,Y,N,N
38035,GRAND FORKS,ND,Y,Y,Y
38037,GRANT,ND,Y,N,N
38039,GRIGGS,ND,Y,N,N
38041,HETTINGER,ND,Y,N,N
38043,KIDDER,ND,Y,N,N
38045,LAMOURE,ND,Y,N,N
38047,LOGAN,ND,Y,N,N
38049,MCHENRY,ND,Y,Y,Y
38051,MCINTOSH,ND,Y,N,N
38053,MCKENZIE,ND,Y,N,N
38055,MCLEAN,ND,Y,Y,Y
38057,MERCER,ND,Y,Y,Y
38059,MORTON,ND,Y,Y,Y
38061,MOUNTRAIL,ND,Y,N,N
38063,NELSON,ND,Y,N,N
38065,OLIVER,ND,Y,N,N
38067,PEMBINA,ND,Y,Y,Y
38069,PIERCE,ND,Y,N,N
38071,RAMSEY,ND,Y,Y,Y
38073,RANSOM,ND,Y,N,N
38075,RENVILLE,ND,Y,Y,Y
38077,RICHLAND,ND,Y,Y,Y
38079,ROLETTE,ND,Y,Y,Y
38081,SARGENT,ND,Y,N,N
38083,SHERIDAN,ND,Y,N,N
38085,SIOUX,ND,Y,N,N
38087,SLOPE,ND,Y,N,N
38089,STARK,ND,Y,Y,Y
38091,STEELE,ND,Y,N,N
38093,STUTSMAN,ND,Y,Y,Y
38095,TOWNER,ND,Y,N,N
38097,TRAILL,ND,Y,Y,Y
38099,WALSH,ND,Y,Y,Y
38101,WARD,ND,Y,Y,Y
38103,WELLS,ND,Y,N,N
38105,WILLIAMS,ND,Y,Y,Y
39001,ADAMS,OH,Y,Y,Y
39003,ALLEN,OH,Y,Y,Y
39005,ASHLAND,OH,Y,Y,Y
39007,ASHTABULA,OH,Y,Y,Y
39009,ATHENS,OH,Y,Y,Y
39011,AUGLAIZE,OH,Y,Y,Y
39013,BELMONT,OH,Y,Y,Y
39015,BROWN,OH,Y,Y,Y
39017,BUTLER,OH,Y,Y,Y
39019,CARROLL,OH,Y,Y,Y
39021,CHAMPAIGN,OH,Y,Y,Y
39023,CLARK,OH,Y,Y,Y
39025,CLERMONT,OH,Y,Y,Y
39027,CLINTON,OH,Y,Y,Y
39029,COLUMBIANA,OH,Y,Y,Y
39031,COSHOCTON,OH,Y,Y,Y
39033,CRAWFORD,OH,Y,Y,Y
39035,CUYAHOGA,OH,Y,Y,Y
39037,DARKE,OH,Y,Y,Y
39039,DEFIANCE,OH,Y,Y,Y
39041,DELAWARE,OH,Y,Y,Y
39043,ERIE,OH,Y,Y,Y
39045,FAIRFIELD,OH,Y,Y,Y
39047,FAYETTE,OH,Y,Y,Y
39049,FRANKLIN,OH,Y,Y,Y
39051,FULTON,OH,Y,Y,Y
39053,GALLIA,OH,Y,Y,Y
39055,GEAUGA,OH,Y,Y,Y
39057,GREENE,OH,Y,Y,Y
39059,GUERNSEY,OH,Y,Y,Y
39061,HAMILTON,OH,Y,Y,Y
39063,HANCOCK,OH,Y,Y,Y
39065,HARDIN,OH,Y,Y,Y
39067,HARRISON,OH,Y,Y,Y
39069,HENRY,OH,Y,Y,Y
39071,HIGHLAND,OH,Y,Y,Y
39073,HOCKING,OH,Y,Y,Y
39075,HOLMES,OH,Y,Y,Y
39077,HURON,OH,Y,Y,Y
39079,JACKSON,OH,Y,Y,Y
39081,JEFFERSON,OH,Y,Y,Y
39083,KNOX,OH,Y,Y,Y
39085,LAKE,OH,Y,Y,Y
39087,LAWRENCE,OH,Y,Y,Y
39089,LICKING,OH,Y,Y,Y
39091,LOGAN,OH,Y,Y,Y
39093,LORAIN,OH,Y,Y,Y
39095,LUCAS,OH,Y,Y,Y
39097,MADISON,OH,Y,Y,Y
39099,MAHONING,OH,Y,Y,Y
39101,MARION,OH,Y,Y,Y
39103,MEDINA,OH,Y,Y,Y
39105,MEIGS,OH,Y,Y,Y
39107,MERCER,OH,Y,Y,Y
39109,MIAMI,OH,Y,Y,Y
39111,MONROE,OH,Y,Y,Y
39113,MONTGOMERY,OH,Y,Y,Y
39115,MORGAN,OH,Y,Y,Y
39117,MORROW,OH,Y,Y,Y
39119,MUSKINGUM,OH,Y,Y,Y
39121,NOBLE,OH,Y,N,Y
39123,OTTAWA,OH,Y,Y,Y
39125,PAULDING,OH,Y,Y,Y
39127,PERRY,OH,Y,Y,Y
39129,PICKAWAY,OH,Y,Y,Y
39131,PIKE,OH,Y,Y,Y
39133,PORTAGE,OH,Y,Y,Y
39135,PREBLE,OH,Y,Y,Y
39137,PUTNAM,OH,Y,Y,Y
39139,RICHLAND,OH,Y,Y,Y
39141,ROSS,OH,Y,Y,Y
39143,SANDUSKY,OH,Y,Y,Y
39145,SCIOTO,OH,Y,Y,Y
39147,SENECA,OH,Y,Y,Y
39149,SHELBY,OH,Y,Y,Y
39151,STARK,OH,Y,Y,Y
39153,SUMMIT,OH,Y,Y,Y
39155,TRUMBULL,OH,Y,Y,Y
39157,TUSCARAWAS,OH,Y,Y,Y
39159,UNION,OH,Y,Y,Y
39161,VAN WERT,OH,Y,Y,Y
39163,VINTON,OH,Y,Y,Y
39165,WARREN,OH,Y,Y,Y
39167,WASHINGTON,OH,Y,Y,Y
39169,WAYNE,OH,Y,Y,Y
39171,WILLIAMS,OH,Y,Y,Y
39173,WOOD,OH,Y,Y,Y
39175,WYANDOT,OH,Y,Y,Y
40001,ADAIR,OK,Y,Y,Y
40003,ALFALFA,OK,Y,N,N
40005,ATOKA,OK,Y,Y,Y
40007,BEAVER,OK,Y,Y,Y
40009,BECKHAM,OK,Y,Y,Y
40011,BLAINE,OK,Y,Y,Y
40013,BRYAN,OK,Y,Y,Y
40015,CADDO,OK,Y,Y,Y
40017,CANADIAN,OK,Y,Y,Y
40019,CARTER,OK,Y,Y,Y
40021,CHEROKEE,OK,Y,Y,Y
40023,CHOCTAW,OK,Y,Y,Y
40025,CIMARRON,OK,Y,Y,Y
40027,CLEVELAND,OK,Y,Y,Y
40029,COAL,OK,Y,Y,Y
40031,COMANCHE,OK,Y,Y,Y
40033,COTTON,OK,Y,Y,Y
40035,CRAIG,OK,Y,N,N
40037,CREEK,OK,Y,Y,Y
40039,CUSTER,OK,Y,Y,Y
40041,DELAWARE,OK,Y,Y,Y
40043,DEWEY,OK,Y,N,N
40045,ELLIS,OK,Y,Y,Y
40047,GARFIELD,OK,Y,Y,Y
40049,GARVIN,OK,Y,Y,Y
40051,GRADY,OK,Y,Y,Y
40053,GRANT,OK,Y,Y,Y
40055,GREER,OK,Y,N,N
40057,HARMON,OK,Y,Y,Y
40059,HARPER,OK,Y,N,N
40061,HASKELL,OK,Y,Y,Y
40063,HUGHES,OK,Y,N,N
40065,JACKSON,OK,Y,Y,Y
40067,JEFFERSON,OK,Y,Y,Y
40069,JOHNSTON,OK,Y,Y,Y
40071,KAY,OK,Y,Y,Y
40073,KINGFISHER,OK,Y,Y,Y
40075,KIOWA,OK,Y,Y,Y
40077,LATIMER,OK,Y,Y,Y
40079,LEFLORE,OK,Y,Y,Y
40081,LINCOLN,OK,Y,Y,Y
40083,LOGAN,OK,Y,Y,Y
40085,LOVE,OK,Y,Y,Y
40087,MCCLAIN,OK,Y,Y,Y
40089,MCCURTAIN,OK,Y,Y,Y
40091,MCINTOSH,OK,Y,Y,Y
40093,MAJOR,OK,Y,Y,Y
40095,MARSHALL,OK,Y,Y,Y
40097,MAYES,OK,Y,Y,Y
40099,MURRAY,OK,Y,Y,Y
40101,MUSKOGEE,OK,Y,Y,Y
40103,NOBLE,OK,Y,Y,Y
40105,NOWATA,OK,Y,Y,Y
40107,OKFUSKEE,OK,Y,Y,Y
40109,OKLAHOMA,OK,Y,Y,Y
40111,OKMULGEE,OK,Y,Y,Y
40113,OSAGE,OK,Y,Y,Y
40115,OTTAWA,OK,Y,Y,Y
40117,PAWNEE,OK,Y,Y,Y
40119,PAYNE,OK,Y,Y,Y
40121,PITTSBURG,OK,Y,Y,Y
40123,PONTOTOC,OK,Y,Y,Y
40125,POTTAWATOMIE,OK,Y,Y,Y
40127,PUSHMATAHA,OK,Y,N,N
40129,ROGER MILLS,OK,Y,N,N
40131,ROGERS,OK,Y,Y,Y
40133,SEMINOLE,OK,Y,Y,Y
40135,SEQUOYAH,OK,Y,Y,Y
40137,STEPHENS,OK,Y,Y,Y
40139,TEXAS,OK,Y,Y,Y
40141,TILLMAN,OK,Y,Y,Y
40143,TULSA,OK,Y,Y,Y
40145,WAGONER,OK,Y,Y,Y
40147,WASHINGTON,OK,Y,Y,Y
40149,WASHITA,OK,Y,Y,Y
40151,WOODS,OK,Y,Y,Y
40153,WOODWARD,OK,Y,Y,Y
41001,BAKER,OR,Y,Y,Y
41003,BENTON,OR,Y,Y,Y
41005,CLACKAMAS,OR,Y,Y,Y
41007,CLATSOP,OR,Y,Y,Y
41009,COLUMBIA,OR,Y,Y,Y
41011,COOS,OR,Y,Y,Y
41013,CROOK,OR,Y,Y,Y
41015,CURRY,OR,Y,Y,Y
41017,DESCHUTES,OR,Y,Y,Y
41019,DOUGLAS,OR,Y,Y,Y
41021,GILLIAM,OR,Y,N,N
41023,GRANT,OR,Y,Y,Y
41025,HARNEY,OR,Y,Y,Y
41027,HOOD RIVER,OR,Y,Y,Y
41029,JACKSON,OR,Y,Y,Y
41031,JEFFERSON,OR,Y,Y,Y
41033,JOSEPHINE,OR,Y,Y,Y
41035,KLAMATH,OR,Y,Y,Y
41037,LAKE,OR,Y,N,N
41039,LANE,OR,Y,Y,Y
41041,LINCOLN,OR,Y,Y,Y
41043,LINN,OR,Y,Y,Y
41045,MALHEUR,OR,Y,Y,Y
41047,MARION,OR,Y,Y,Y
41049,MORROW,OR,Y,Y,Y
41051,MULTNOMAH,OR,Y,Y,Y
41053,POLK,OR,Y,Y,Y
41055,SHERMAN,OR,Y,Y,Y
41057,TILLAMOOK,OR,Y,Y,Y
41059,UMATILLA,OR,Y,Y,Y
41061,UNION,OR,Y,Y,Y
41063,WALLOWA,OR,Y,Y,Y
41065,WASCO,OR,Y,Y,Y
41067,WASHINGTON,OR,Y,Y,Y
41069,WHEELER,OR,Y,N,N
41071,YAMHILL,OR,Y,Y,Y
42001,ADAMS,PA,Y,Y,Y
42003,ALLEGHENY,PA,Y,Y,Y
42005,ARMSTRONG,PA,Y,Y,Y
42007,BEAVER,PA,Y,Y,Y
42009,BEDFORD,PA,Y,Y,Y
42011,BERKS,PA,Y,Y,Y
42013,BLAIR,PA,Y,Y,Y
42015,BRADFORD,PA,Y,Y,Y
42017,BUCKS,PA,Y,Y,Y
42019,BUTLER,PA,Y,Y,Y
42021,CAMBRIA,PA,Y,Y,Y
42023,CAMERON,PA,Y,N,N
42025,CARBON,PA,Y,Y,Y
42027,CENTRE,PA,Y,Y,Y
42029,CHESTER,PA,Y,Y,Y
42031,CLARION,PA,Y,Y,Y
42033,CLEARFIELD,PA,Y,Y,Y
42035,CLINTON,PA,Y,Y,Y
42037,COLUMBIA,PA,Y,Y,Y
42039,CRAWFORD,PA,Y,Y,Y
42041,CUMBERLAND,PA,Y,Y,Y
42043,DAUPHIN,PA,Y,Y,Y
42045,DELAWARE,PA,Y,Y,Y
42047,ELK,PA,Y,Y,Y
42049,ERIE,PA,Y,Y,Y
42051,FAYETTE,PA,Y,Y,Y
42053,FOREST,PA,Y,Y,Y
42055,FRANKLIN,PA,Y,Y,Y
42057,FULTON,PA,Y,Y,Y
42059,GREENE,PA,Y,Y,Y
42061,HUNTINGDON,PA,Y,Y,Y
42063,INDIANA,PA,Y,Y,Y
42065,JEFFERSON,PA,Y,Y,Y
42067,JUNIATA,PA,Y,Y,Y
42069,LACKAWANNA,PA,Y,Y,Y
42071,LANCASTER,PA,Y,Y,Y
42073,LAWRENCE,PA,Y,Y,Y
42075,LEBANON,PA,Y,Y,Y
42077,LEHIGH,PA,Y,Y,Y
42079,LUZERNE,PA,Y,Y,Y
42081,LYCOMING,PA,Y,Y,Y
42083,MCKEAN,PA,Y,Y,Y
42085,MERCER,PA,Y,Y,Y
42087,MIFFLIN,PA,Y,Y,Y
42089,MONROE,PA,Y,Y,Y
42091,MONTGOMERY,PA,Y,Y,Y
42093,MONTOUR,PA,Y,Y,Y
42095,NORTHAMPTON,PA,Y,Y,Y
42097,NORTHUMBERLAND,PA,Y,Y,Y
42099,PERRY,PA,Y,Y,Y
42101,PHILADELPHIA,PA,Y,Y,Y
42103,PIKE,PA,Y,Y,Y
42105,POTTER,PA,Y,Y,Y
42107,SCHUYLKILL,PA,Y,Y,Y
42109,SNYDER,PA,Y,Y,Y
42111,SOMERSET,PA,Y,Y,Y
42113,SULLIVAN,PA,Y,Y,Y
42115,SUSQUEHANNA,PA,Y,Y,Y
42117,TIOGA,PA,Y,Y,Y
42119,UNION,PA,Y,Y,Y
42121,VENANGO,PA,Y,Y,Y
42123,WARREN,PA,Y,Y,Y
42125,WASHINGTON,PA,Y,Y,Y
42127,WAYNE,PA,Y,Y,Y
42129,WESTMORELAND,PA,Y,Y,Y
42131,WYOMING,PA,Y,Y,Y
42133,YORK,PA,Y,Y,Y
44001,BRISTOL,RI,Y,Y,Y
44003,KENT,RI,Y,Y,Y
44005,NEWPORT,RI,Y,Y,Y
44007,PROVIDENCE,RI,Y,Y,Y
44009,WASHINGTON,RI,Y,Y,Y
45001,ABBEVILLE,SC,Y,Y,Y
45003,AIKEN,SC,Y,Y,Y
45005,ALLENDALE,SC,Y,Y,Y
45007,ANDERSON,SC,Y,Y,Y
45009,BAMBERG,SC,Y,Y,Y
45011,BARNWELL,SC,Y,Y,Y
45013,BEAUFORT,SC,Y,Y,Y
45015,BERKELEY,SC,Y,Y,Y
45017,CALHOUN,SC,Y,Y,Y
45019,CHARLESTON,SC,Y,Y,Y
45021,CHEROKEE,SC,Y,Y,Y
45023,CHESTER,SC,Y,Y,Y
45025,CHESTERFIELD,SC,Y,Y,Y
45027,CLARENDON,SC,Y,Y,Y
45029,COLLETON,SC,Y,Y,Y
45031,DARLINGTON,SC,Y,Y,Y
45033,DILLON,SC,Y,Y,Y
45035,DORCHESTER,SC,Y,Y,Y
45037,EDGEFIELD,SC,Y,Y,Y
45039,FAIRFIELD,SC,Y,Y,Y
45041,FLORENCE,SC,Y,Y,Y
45043,GEORGETOWN,SC,Y,Y,Y
45045,GREENVILLE,SC,Y,Y,Y
45047,GREENWOOD,SC,Y,Y,Y
45049,HAMPTON,SC,Y,Y,Y
45051,HORRY,SC,Y,Y,Y
45053,JASPER,SC,Y,Y,Y
45055,KERSHAW,SC,Y,Y,Y
45057,LANCASTER,SC,Y,Y,Y
45059,LAURENS,SC,Y,Y,Y
45061,LEE,SC,Y,Y,Y
45063,LEXINGTON,SC,Y,Y,Y
45065,MCCORMICK,SC,Y,Y,Y
45067,MARION,SC,Y,Y,Y
45069,MARLBORO,SC,Y,Y,Y
45071,NEWBERRY,SC,Y,Y,Y
45073,OCONEE,SC,Y,Y,Y
45075,ORANGEBURG,SC,Y,Y,Y
45077,PICKENS,SC,Y,Y,Y
45079,RICHLAND,SC,Y,Y,Y
45081,SALUDA,SC,Y,Y,Y
45083,SPARTANBURG,SC,Y,Y,Y
45085,SUMTER,SC,Y,Y,Y
45087,UNION,SC,Y,Y,Y
45089,WILLIAMSBURG,SC,Y,Y,Y
45091,YORK,SC,Y,Y,Y
46003,AURORA,SD,Y,N,N
46005,BEADLE,SD,Y,Y,Y
46007,BENNETT,SD,Y,N,N
46009,BON HOMME,SD,Y,Y,Y
46011,BROOKINGS,SD,Y,Y,Y
46013,BROWN,SD,Y,Y,Y
46015,BRULE,SD,Y,N,N
46017,BUFFALO,SD,Y,N,N
46019,BUTTE,SD,Y,Y,Y
46021,CAMPBELL,SD,Y,N,N
46023,CHARLES MIX,SD,Y,Y,Y
46025,CLARK,SD,Y,N,N
46027,CLAY,SD,Y,Y,Y
46029,CODINGTON,SD,Y,Y,Y
46031,CORSON,SD,Y,N,N
46033,CUSTER,SD,Y,Y,Y
46035,DAVISON,SD,Y,Y,Y
46037,DAY,SD,Y,N,N
46039,DEUEL,SD,Y,N,N
46041,DEWEY,SD,Y,N,N
46043,DOUGLAS,SD,Y,N,N
46045,EDMUNDS,SD,Y,Y,Y
46047,FALL RIVER,SD,Y,Y,Y
46049,FAULK,SD,Y,N,N
46051,GRANT,SD,Y,Y,Y
46053,GREGORY,SD,Y,N,N
46055,HAAKON,SD,Y,N,N
46057,HAMLIN,SD,Y,Y,Y
46059,HAND,SD,Y,N,N
46061,HANSON,SD,Y,Y,Y
46063,HARDING,SD,Y,N,N
46065,HUGHES,SD,Y,Y,Y
46067,HUTCHINSON,SD,Y,Y,Y
46069,HYDE,SD,Y,N,N
46071,JACKSON,SD,Y,N,N
46073,JERAULD,SD,Y,N,N
46075,JONES,SD,Y,N,N
46077,KINGSBURY,SD,Y,N,N
46079,LAKE,SD,Y,N,N
46081,LAWRENCE,SD,Y,Y,Y
46083,LINCOLN,SD,Y,Y,Y
46085,LYMAN,SD,Y,N,N
46087,MCCOOK,SD,Y,Y,Y
46089,MCPHERSON,SD,Y,N,N
46091,MARSHALL,SD,Y,N,N
46093,MEADE,SD,Y,Y,Y
46095,MELLETTE,SD,Y,N,N
46097,MINER,SD,Y,N,N
46099,MINNEHAHA,SD,Y,Y,Y
46101,MOODY,SD,Y,Y,Y
46103,PENNINGTON,SD,Y,Y,Y
46105,PERKINS,SD,Y,N,N
46107,POTTER,SD,Y,N,N
46109,ROBERTS,SD,Y,Y,Y
46111,SANBORN,SD,Y,N,N
46113,SHANNON,SD,Y,Y,Y
46115,SPINK,SD,Y,Y,Y
46117,STANLEY,SD,Y,Y,Y
46119,SULLY,SD,Y,N,N
46121,TODD,SD,Y,Y,Y
46123,TRIPP,SD,Y,N,N
46125,TURNER,SD,Y,Y,Y
46127,UNION,SD,Y,Y,Y
46135,YANKTON,SD,Y,Y,Y
46137,ZIEBACH,SD,Y,N,N
47001,ANDERSON,TN,Y,Y,Y
47003,BEDFORD,TN,Y,Y,Y
47005,BENTON,TN,Y,Y,Y
47007,BLEDSOE,TN,Y,Y,Y
47009,BLOUNT,TN,Y,Y,Y
47011,BRADLEY,TN,Y,Y,Y
47013,CAMPBELL,TN,Y,Y,Y
47015,CANNON,TN,Y,Y,Y
47017,CARROLL,TN,Y,Y,Y
47019,CARTER,TN,Y,Y,Y
47021,CHEATHAM,TN,Y,Y,Y
47023,CHESTER,TN,Y,Y,Y
47025,CLAIBORNE,TN,Y,Y,Y
47027,CLAY,TN,Y,Y,Y
47029,COCKE,TN,Y,Y,Y
47031,COFFEE,TN,Y,Y,Y
47033,CROCKETT,TN,Y,Y,Y
47035,CUMBERLAND,TN,Y,Y,Y
47037,DAVIDSON,TN,Y,Y,Y
47039,DECATUR,TN,Y,Y,Y
47041,DEKALB,TN,Y,Y,Y
47043,DICKSON,TN,Y,Y,Y
47045,DYER,TN,Y,Y,Y
47047,FAYETTE,TN,Y,Y,Y
47049,FENTRESS,TN,Y,Y,Y
47051,FRANKLIN,TN,Y,Y,Y
47053,GIBSON,TN,Y,Y,Y
47055,GILES,TN,Y,Y,Y
47057,GRAINGER,TN,Y,Y,Y
47059,GREENE,TN,Y,Y,Y
47061,GRUNDY,TN,Y,Y,Y
47063,HAMBLEN,TN,Y,Y,Y
47065,HAMILTON,TN,Y,Y,Y
47067,HANCOCK,TN,Y,Y,Y
47069,HARDEMAN,TN,Y,Y,Y
47071,HARDIN,TN,Y,Y,Y
47073,HAWKINS,TN,Y,Y,Y
47075,HAYWOOD,TN,Y,Y,Y
47077,HENDERSON,TN,Y,Y,Y
47079,HENRY,TN,Y,Y,Y
47081,HICKMAN,TN,Y,Y,Y
47083,HOUSTON,TN,Y,Y,Y
47085,HUMPHREYS,TN,Y,Y,Y
47087,JACKSON,TN,Y,Y,Y
47089,JEFFERSON,TN,Y,Y,Y
47091,JOHNSON,TN,Y,Y,Y
47093,KNOX,TN,Y,Y,Y
47095,LAKE,TN,Y,Y,Y
47097,LAUDERDALE,TN,Y,Y,Y
47099,LAWRENCE,TN,Y,Y,Y
47101,LEWIS,TN,Y,Y,Y
47103,LINCOLN,TN,Y,Y,Y
47105,LOUDON,TN,Y,Y,Y
47107,MCMINN,TN,Y,Y,Y
47109,MCNAIRY,TN,Y,Y,Y
47111,MACON,TN,Y,Y,Y
47113,MADISON,TN,Y,Y,Y
47115,MARION,TN,Y,Y,Y
47117,MARSHALL,TN,Y,Y,Y
47119,MAURY,TN,Y,Y,Y
47121,MEIGS,TN,Y,Y,Y
47123,MONROE,TN,Y,Y,Y
47125,MONTGOMERY,TN,Y,Y,Y
47127,MOORE,TN,Y,Y,Y
47129,MORGAN,TN,Y,Y,Y
47131,OBION,TN,Y,Y,Y
47133,OVERTON,TN,Y,Y,Y
47135,PERRY,TN,Y,Y,Y
47137,PICKETT,TN,Y,Y,Y
47139,POLK,TN,Y,Y,Y
47141,PUTNAM,TN,Y,Y,Y
47143,RHEA,TN,Y,Y,Y
47145,ROANE,TN,Y,Y,Y
47147,ROBERTSON,TN,Y,Y,Y
47149,RUTHERFORD,TN,Y,Y,Y
47151,SCOTT,TN,Y,Y,Y
47153,SEQUATCHIE,TN,Y,Y,Y
47155,SEVIER,TN,Y,Y,Y
47157,SHELBY,TN,Y,Y,Y
47159,SMITH,TN,Y,Y,Y
47161,STEWART,TN,Y,Y,Y
47163,SULLIVAN,TN,Y,Y,Y
47165,SUMNER,TN,Y,Y,Y
47167,TIPTON,TN,Y,Y,Y
47169,TROUSDALE,TN,Y,Y,Y
47171,UNICOI,TN,Y,Y,Y
47173,UNION,TN,Y,Y,Y
47175,VAN BUREN,TN,Y,Y,Y
47177,WARREN,TN,Y,Y,Y
47179,WASHINGTON,TN,Y,Y,Y
47181,WAYNE,TN,Y,Y,Y
47183,WEAKLEY,TN,Y,Y,Y
47185,WHITE,TN,Y,Y,Y
47187,WILLIAMSON,TN,Y,Y,Y
47189,WILSON,TN,Y,Y,Y
48001,ANDERSON,TX,Y,Y,Y
48003,ANDREWS,TX,Y,Y,Y
48005,ANGELINA,TX,Y,Y,Y
48007,ARANSAS,TX,Y,Y,Y
48009,ARCHER,TX,Y,Y,Y
48011,ARMSTRONG,TX,Y,N,N
48013,ATASCOSA,TX,Y,Y,Y
48015,AUSTIN,TX,Y,Y,Y
48017,BAILEY,TX,Y,N,N
48019,BANDERA,TX,Y,Y,Y
48021,BASTROP,TX,Y,Y,Y
48023,BAYLOR,TX,Y,N,N
48025,BEE,TX,Y,Y,Y
48027,BELL,TX,Y,Y,Y
48029,BEXAR,TX,Y,Y,Y
48031,BLANCO,TX,Y,Y,Y
48033,BORDEN,TX,Y,N,N
48035,BOSQUE,TX,Y,Y,Y
48037,BOWIE,TX,Y,Y,Y
48039,BRAZORIA,TX,Y,Y,Y
48041,BRAZOS,TX,Y,Y,Y
48043,BREWSTER,TX,Y,Y,Y
48045,BRISCOE,TX,Y,N,N
48047,BROOKS,TX,Y,Y,Y
48049,BROWN,TX,Y,Y,Y
48051,BURLESON,TX,Y,Y,Y
48053,BURNET,TX,Y,Y,Y
48055,CALDWELL,TX,Y,Y,Y
48057,CALHOUN,TX,Y,Y,Y
48059,CALLAHAN,TX,Y,Y,Y
48061,CAMERON,TX,Y,Y,Y
48063,CAMP,TX,Y,Y,Y
48065,CARSON,TX,Y,Y,Y
48067,CASS,TX,Y,Y,Y
48069,CASTRO,TX,Y,Y,Y
48071,CHAMBERS,TX,Y,Y,Y
48073,CHEROKEE,TX,Y,Y,Y
48075,CHILDRESS,TX,Y,Y,Y
48077,CLAY,TX,Y,Y,Y
48079,COCHRAN,TX,Y,N,N
48081,COKE,TX,Y,N,N
48083,COLEMAN,TX,Y,Y,Y
48085,COLLIN,TX,Y,Y,Y
48087,COLLINGSWORTH,TX,Y,N,N
48089,COLORADO,TX,Y,Y,Y
48091,COMAL,TX,Y,Y,Y
48093,COMANCHE,TX,Y,Y,Y
48095,CONCHO,TX,Y,N,N
48097,COOKE,TX,Y,Y,Y
48099,CORYELL,TX,Y,Y,Y
48101,COTTLE,TX,Y,N,N
48103,CRANE,TX,Y,Y,Y
48105,CROCKETT,TX,Y,N,N
48107,CROSBY,TX,Y,Y,Y
48109,CULBERSON,TX,Y,N,N
48111,DALLAM,TX,Y,N,N
48113,DALLAS,TX,Y,Y,Y
48115,DAWSON,TX,Y,Y,Y
48117,DEAF SMITH,TX,Y,N,N
48119,DELTA,TX,Y,N,N
48121,DENTON,TX,Y,Y,Y
48123,DEWITT,TX,Y,Y,Y
48125,DICKENS,TX,Y,N,N
48127,DIMMIT,TX,Y,Y,Y
48129,DONLEY,TX,Y,Y,Y
48131,DUVAL,TX,Y,Y,Y
48133,EASTLAND,TX,Y,Y,Y
48135,ECTOR,TX,Y,Y,Y
48137,EDWARDS,TX,Y,N,N
48139,ELLIS,TX,Y,Y,Y
48141,EL PASO,TX,Y,Y,Y
48143,ERATH,TX,Y,Y,Y
48145,FALLS,TX,Y,Y,Y
48147,FANNIN,TX,Y,Y,Y
48149,FAYETTE,TX,Y,Y,Y
48151,FISHER,TX,Y,N,N
48153,FLOYD,TX,Y,Y,Y
48155,FOARD,TX,Y,N,N
48157,FORT BEND,TX,Y,Y,Y
48159,FRANKLIN,TX,Y,Y,Y
48161,FREESTONE,TX,Y,Y,Y
48163,FRIO,TX,Y,Y,Y
48165,GAINES,TX,Y,Y,Y
48167,GALVESTON,TX,Y,Y,Y
48169,GARZA,TX,Y,N,N
48171,GILLESPIE,TX,Y,Y,Y
48173,GLASSCOCK,TX,Y,N,N
48175,GOLIAD,TX,Y,Y,Y
48177,GONZALES,TX,Y,Y,Y
48179,GRAY,TX,Y,Y,Y
48181,GRAYSON,TX,Y,Y,Y
48183,GREGG,TX,Y,Y,Y
48185,GRIMES,TX,Y,Y,Y
48187,GUADALUPE,TX,Y,Y,Y
48189,HALE,TX,Y,Y,Y
48191,HALL,TX,Y,N,N
48193,HAMILTON,TX,Y,Y,Y
48195,HANSFORD,TX,Y,N,N
48197,HARDEMAN,TX,Y,N,N
48199,HARDIN,TX,Y,Y,Y
48201,HARRIS,TX,Y,Y,Y
48203,HARRISON,TX,Y,Y,Y
48205,HARTLEY,TX,Y,N,N
48207,HASKELL,TX,Y,N,N
48209,HAYS,TX,Y,Y,Y
48211,HEMPHILL,TX,Y,N,N
48213,HENDERSON,TX,Y,Y,Y
48215,HIDALGO,TX,Y,Y,Y
48217,HILL,TX,Y,Y,Y
48219,HOCKLEY,TX,Y,Y,Y
48221,HOOD,TX,Y,Y,Y
48223,HOPKINS,TX,Y,Y,Y
48225,HOUSTON,TX,Y,Y,Y
48227,HOWARD,TX,Y,Y,Y
48229,HUDSPETH,TX,Y,N,N
48231,HUNT,TX,Y,Y,Y
48233,HUTCHINSON,TX,Y,Y,Y
48235,IRION,TX,Y,Y,Y
48237,JACK,TX,Y,Y,Y
48239,JACKSON,TX,Y,Y,Y
48241,JASPER,TX,Y,Y,Y
48243,JEFF DAVIS,TX,Y,N,N
48245,JEFFERSON,TX,Y,Y,Y
48247,JIM HOGG,TX,Y,N,N
48249,JIM WELLS,TX,Y,Y,Y
48251,JOHNSON,TX,Y,Y,Y
48253,JONES,TX,Y,Y,Y
48255,KARNES,TX,Y,Y,Y
48257,KAUFMAN,TX,Y,Y,Y
48259,KENDALL,TX,Y,Y,Y
48261,KENEDY,TX,Y,N,N
48263,KENT,TX,Y,N,N
48265,KERR,TX,Y,Y,Y
48267,KIMBLE,TX,Y,N,N
48269,KING,TX,Y,N,N
48271,KINNEY,TX,Y,N,N
48273,KLEBERG,TX,Y,Y,Y
48275,KNOX,TX,Y,N,N
48277,LAMAR,TX,Y,Y,Y
48279,LAMB,TX,Y,Y,Y
48281,LAMPASAS,TX,Y,Y,Y
48283,LA SALLE,TX,Y,N,N
48285,LAVACA,TX,Y,Y,Y
48287,LEE,TX,Y,Y,Y
48289,LEON,TX,Y,Y,Y
48291,LIBERTY,TX,Y,Y,Y
48293,LIMESTONE,TX,Y,Y,Y
48295,LIPSCOMB,TX,Y,N,N
48297,LIVE OAK,TX,Y,Y,Y
48299,LLANO,TX,Y,Y,Y
48301,LOVING,TX,Y,N,N
48303,LUBBOCK,TX,Y,Y,Y
48305,LYNN,TX,Y,N,N
48307,MCCULLOCH,TX,Y,Y,Y
48309,MCLENNAN,TX,Y,Y,Y
48311,MCMULLEN,TX,Y,N,N
48313,MADISON,TX,Y,Y,Y
48315,MARION,TX,Y,Y,Y
48317,MARTIN,TX,Y,Y,Y
48319,MASON,TX,Y,N,N
48321,MATAGORDA,TX,Y,Y,Y
48323,MAVERICK,TX,Y,Y,Y
48325,MEDINA,TX,Y,Y,Y
48327,MENARD,TX,Y,N,N
48329,MIDLAND,TX,Y,Y,Y
48331,MILAM,TX,Y,Y,Y
48333,MILLS,TX,Y,N,N
48335,MITCHELL,TX,Y,Y,Y
48337,MONTAGUE,TX,Y,Y,Y
48339,MONTGOMERY,TX,Y,Y,Y
48341,MOORE,TX,Y,Y,Y
48343,MORRIS,TX,Y,Y,Y
48345,MOTLEY,TX,Y,N,N
48347,NACOGDOCHES,TX,Y,Y,Y
48349,NAVARRO,TX,Y,Y,Y
48351,NEWTON,TX,Y,Y,Y
48353,NOLAN,TX,Y,Y,Y
48355,NUECES,TX,Y,Y,Y
48357,OCHILTREE,TX,Y,N,N
48359,OLDHAM,TX,Y,N,N
48361,ORANGE,TX,Y,Y,Y
48363,PALO PINTO,TX,Y,Y,Y
48365,PANOLA,TX,Y,Y,Y
48367,PARKER,TX,Y,Y,Y
48369,PARMER,TX,Y,Y,Y
48371,PECOS,TX,Y,Y,Y
48373,POLK,TX,Y,Y,Y
48375,POTTER,TX,Y,Y,Y
48377,PRESIDIO,TX,Y,Y,Y
48379,RAINS,TX,Y,Y,Y
48381,RANDALL,TX,Y,Y,Y
48383,REAGAN,TX,Y,Y,Y
48385,REAL,TX,Y,Y,Y
48387,RED RIVER,TX,Y,Y,Y
48389,REEVES,TX,Y,Y,Y
48391,REFUGIO,TX,Y,Y,Y
48393,ROBERTS,TX,Y,N,N
48395,ROBERTSON,TX,Y,Y,Y
48397,ROCKWALL,TX,Y,Y,Y
48399,RUNNELS,TX,Y,Y,Y
48401,RUSK,TX,Y,Y,Y
48403,SABINE,TX,Y,Y,Y
48405,SAN AUGUSTINE,TX,Y,Y,Y
48407,SAN JACINTO,TX,Y,Y,Y
48409,SAN PATRICIO,TX,Y,Y,Y
48411,SAN SABA,TX,Y,N,N
48413,SCHLEICHER,TX,Y,N,N
48415,SCURRY,TX,Y,Y,Y
48417,SHACKELFORD,TX,Y,N,N
48419,SHELBY,TX,Y,Y,Y
48421,SHERMAN,TX,Y,N,N
48423,SMITH,TX,Y,Y,Y
48425,SOMERVELL,TX,Y,Y,Y
48427,STARR,TX,Y,Y,Y
48429,STEPHENS,TX,Y,Y,Y
48431,STERLING,TX,Y,N,N
48433,STONEWALL,TX,Y,N,N
48435,SUTTON,TX,Y,N,N
48437,SWISHER,TX,Y,Y,Y
48439,TARRANT,TX,Y,Y,Y
48441,TAYLOR,TX,Y,Y,Y
48443,TERRELL,TX,Y,N,N
48445,TERRY,TX,Y,Y,Y
48447,THROCKMORTON,TX,Y,N,N
48449,TITUS,TX,Y,Y,Y
48451,TOM GREEN,TX,Y,Y,Y
48453,TRAVIS,TX,Y,Y,Y
48455,TRINITY,TX,Y,Y,N
48457,TYLER,TX,Y,Y,Y
48459,UPSHUR,TX,Y,Y,Y
48461,UPTON,TX,Y,N,N
48463,UVALDE,TX,Y,Y,Y
48465,VAL VERDE,TX,Y,Y,Y
48467,VAN ZANDT,TX,Y,Y,Y
48469,VICTORIA,TX,Y,Y,Y
48471,WALKER,TX,Y,Y,Y
48473,WALLER,TX,Y,Y,Y
48475,WARD,TX,Y,Y,Y
48477,WASHINGTON,TX,Y,Y,Y
48479,WEBB,TX,Y,Y,Y
48481,WHARTON,TX,Y,Y,Y
48483,WHEELER,TX,Y,N,N
48485,WICHITA,TX,Y,Y,Y
48487,WILBARGER,TX,Y,Y,Y
48489,WILLACY,TX,Y,Y,Y
48491,WILLIAMSON,TX,Y,Y,Y
48493,WILSON,TX,Y,Y,Y
48495,WINKLER,TX,Y,Y,Y
48497,WISE,TX,Y,Y,Y
48499,WOOD,TX,Y,Y,Y
48501,YOAKUM,TX,Y,N,N
48503,YOUNG,TX,Y,Y,Y
48505,ZAPATA,TX,Y,Y,Y
48507,ZAVALA,TX,Y,Y,Y
49001,BEAVER,UT,Y,Y,Y
49003,BOX ELDER,UT,Y,Y,Y
49005,CACHE,UT,Y,Y,Y
49007,CARBON,UT,Y,Y,Y
49009,DAGGETT,UT,Y,N,N
49011,DAVIS,UT,Y,Y,Y
49013,DUCHESNE,UT,Y,N,N
49015,EMERY,UT,Y,Y,Y
49017,GARFIELD,UT,Y,N,N
49019,GRAND,UT,Y,Y,Y
49021,IRON,UT,Y,Y,Y
49023,JUAB,UT,Y,Y,Y
49025,KANE,UT,Y,Y,Y
49027,MILLARD,UT,Y,Y,Y
49029,MORGAN,UT,Y,Y,Y
49031,PIUTE,UT,Y,N,N
49033,RICH,UT,Y,N,N
49035,SALT LAKE,UT,Y,Y,Y
49037,SAN JUAN,UT,Y,N,N
49039,SANPETE,UT,Y,Y,Y
49041,SEVIER,UT,Y,Y,Y
49043,SUMMIT,UT,Y,Y,Y
49045,TOOELE,UT,Y,Y,Y
49047,UINTAH,UT,Y,Y,Y
49049,UTAH,UT,Y,Y,Y
49051,WASATCH,UT,Y,Y,Y
49053,WASHINGTON,UT,Y,Y,Y
49055,WAYNE,UT,Y,N,N
49057,WEBER,UT,Y,Y,Y
50001,ADDISON,VT,Y,Y,N
50003,BENNINGTON,VT,Y,Y,N
50005,CALEDONIA,VT,Y,Y,N
50007,CHITTENDEN,VT,Y,Y,N
50009,ESSEX,VT,Y,Y,N
50011,FRANKLIN,VT,Y,Y,N
50013,GRAND ISLE,VT,Y,Y,N
50015,LAMOILLE,VT,Y,Y,N
50017,ORANGE,VT,Y,Y,N
50019,ORLEANS,VT,Y,Y,N
50021,RUTLAND,VT,Y,Y,N
50023,WASHINGTON,VT,Y,Y,N
50025,WINDHAM,VT,Y,Y,N
50027,WINDSOR,VT,Y,Y,N
51001,ACCOMACK,VA,Y,N,N
51003,ALBEMARLE,VA,Y,Y,Y
51005,ALLEGHANY,VA,Y,N,N
51007,AMELIA,VA,Y,N,N
51009,AMHERST,VA,Y,Y,Y
51011,APPOMATTOX,VA,Y,N,N
51013,ARLINGTON,VA,Y,Y,Y
51015,AUGUSTA,VA,Y,Y,Y
51017,BATH,VA,Y,Y,Y
51019,BEDFORD,VA,Y,Y,Y
51021,BLAND,VA,Y,Y,Y
51023,BOTETOURT,VA,Y,Y,Y
51025,BRUNSWICK,VA,Y,Y,Y
51027,BUCHANAN,VA,Y,Y,Y
51029,BUCKINGHAM,VA,Y,N,N
51031,CAMPBELL,VA,Y,Y,Y
51033,CAROLINE,VA,Y,Y,Y
51035,CARROLL,VA,Y,Y,Y
51036,CHARLES CITY,VA,Y,Y,Y
51037,CHARLOTTE,VA,Y,N,N
51041,CHESTERFIELD,VA,Y,Y,Y
51043,CLARKE,VA,Y,Y,Y
51045,CRAIG,VA,Y,Y,Y
51047,CULPEPER,VA,Y,Y,Y
51049,CUMBERLAND,VA,Y,N,N
51051,DICKENSON,VA,Y,Y,Y
51053,DINWIDDIE,VA,Y,N,N
51057,ESSEX,VA,Y,Y,Y
51059,FAIRFAX,VA,Y,Y,Y
51061,FAUQUIER,VA,Y,Y,Y
51063,FLOYD,VA,Y,Y,Y
51065,FLUVANNA,VA,Y,Y,Y
51067,FRANKLIN,VA,Y,Y,Y
51069,FREDERICK,VA,Y,Y,Y
51071,GILES,VA,Y,Y,Y
51073,GLOUCESTER,VA,Y,Y,Y
51075,GOOCHLAND,VA,Y,Y,Y
51077,GRAYSON,VA,Y,Y,Y
51079,GREENE,VA,Y,Y,Y
51081,GREENSVILLE,VA,Y,Y,Y
51083,HALIFAX,VA,Y,Y,Y
51085,HANOVER,VA,Y,Y,Y
51087,HENRICO,VA,Y,Y,Y
51089,HENRY,VA,Y,Y,Y
51091,HIGHLAND,VA,Y,Y,Y
51093,ISLE OF WIGHT,VA,Y,N,N
51095,JAMES CITY,VA,Y,Y,Y
51097,KING AND QUEEN,VA,Y,Y,Y
51099,KING GEORGE,VA,Y,Y,Y
51101,KING WILLIAM,VA,Y,Y,Y
51103,LANCASTER,VA,Y,Y,Y
51105,LEE,VA,Y,Y,Y
51107,LOUDOUN,VA,Y,Y,Y
51109,LOUISA,VA,Y,Y,Y
51111,LUNENBURG,VA,Y,Y,Y
51113,MADISON,VA,Y,Y,Y
51115,MATHEWS,VA,Y,Y,Y
51117,MECKLENBURG,VA,Y,Y,Y
51119,MIDDLESEX,VA,Y,Y,Y
51121,MONTGOMERY,VA,Y,N,N
51125,NELSON,VA,Y,Y,Y
51127,NEW KENT,VA,Y,Y,Y
51131,NORTHAMPTON,VA,Y,Y,Y
51133,NORTHUMBERLAND,VA,Y,N,N
51135,NOTTOWAY,VA,Y,N,N
51137,ORANGE,VA,Y,Y,Y
51139,PAGE,VA,Y,Y,Y
51141,PATRICK,VA,Y,Y,Y
51143,PITTSYLVANIA,VA,Y,Y,Y
51145,POWHATAN,VA,Y,Y,Y
51147,PRINCE EDWARD,VA,Y,Y,Y
51149,PRINCE GEORGE,VA,Y,N,N
51153,PRINCE WILLIAM,VA,Y,Y,Y
51155,PULASKI,VA,Y,Y,Y
51157,RAPPAHANNOCK,VA,Y,Y,Y
51159,RICHMOND,VA,Y,Y,Y
51161,ROANOKE,VA,Y,Y,Y
51163,ROCKBRIDGE,VA,Y,Y,Y
51165,ROCKINGHAM,VA,Y,Y,Y
51167,RUSSELL,VA,Y,Y,Y
51169,SCOTT,VA,Y,Y,Y
51171,SHENANDOAH,VA,Y,Y,Y
51173,SMYTH,VA,Y,Y,Y
51175,SOUTHAMPTON,VA,Y,Y,Y
51177,SPOTSYLVANIA,VA,Y,Y,Y
51179,STAFFORD,VA,Y,Y,Y
51181,SURRY,VA,Y,Y,Y
51183,SUSSEX,VA,Y,Y,Y
51185,TAZEWELL,VA,Y,Y,Y
51187,WARREN,VA,Y,Y,Y
51191,WASHINGTON,VA,Y,Y,Y
51193,WESTMORELAND,VA,Y,Y,Y
51195,WISE,VA,Y,Y,Y
51197,WYTHE,VA,Y,Y,Y
51199,YORK,VA,Y,Y,Y
51510,ALEXANDRIA CITY,VA,Y,Y,Y
51520,BRISTOL CITY,VA,Y,Y,Y
51530,BUENA VISTA CITY,VA,Y,Y,Y
51540,CHARLOTTESVILLE CITY,VA,Y,N,N
51550,CHESAPEAKE CITY,VA,Y,Y,Y
51570,COLONIAL HEIGHTS CITY,VA,Y,Y,Y
51580,COVINGTON CITY,VA,Y,N,N
51590,DANVILLE CITY,VA,Y,Y,Y
51595,EMPORIA CITY,VA,Y,Y,Y
51600,FAIRFAX CITY,VA,Y,Y,Y
51610,FALLS CHURCH CITY,VA,Y,Y,Y
51620,FRANKLIN CITY,VA,Y,Y,Y
51630,FREDERICKSBURG CITY,VA,Y,Y,Y
51640,GALAX CITY,VA,Y,Y,Y
51650,HAMPTON CITY,VA,Y,Y,Y
51660,HARRISONBURG CITY,VA,Y,Y,Y
51670,HOPEWELL CITY,VA,Y,Y,Y
51678,LEXINGTON CITY,VA,Y,Y,Y
51680,LYNCHBURG CITY,VA,Y,Y,Y
51683,MANASSAS,VA,Y,Y,Y
51685,MANASSAS PARK,VA,Y,Y,Y
51690,MARTINSVILLE CITY,VA,Y,Y,Y
51700,NEWPORT NEWS CITY,VA,Y,Y,Y
51710,NORFOLK CITY,VA,Y,Y,Y
51720,NORTON CITY,VA,Y,Y,Y
51730,PETERSBURG CITY,VA,Y,N,N
51735,POQUOSON CITY,VA,Y,Y,Y
51740,PORTSMOUTH CITY,VA,Y,Y,Y
51750,RADFORD CITY,VA,Y,Y,Y
51760,RICHMOND CITY,VA,Y,Y,Y
51770,ROANOKE CITY,VA,Y,Y,Y
51775,SALEM CITY,VA,Y,Y,Y
51790,STAUNTON CITY,VA,Y,Y,Y
51800,SUFFOLK CITY,VA,Y,Y,Y
51810,VIRGINIA BEACH CITY,VA,Y,Y,Y
51820,WAYNESBORO CITY,VA,Y,Y,Y
51830,WILLIAMSBURG CITY,VA,Y,Y,Y
51840,WINCHESTER CITY,VA,Y,Y,Y
53001,ADAMS,WA,Y,Y,Y
53003,ASOTIN,WA,Y,Y,Y
53005,BENTON,WA,Y,Y,Y
53007,CHELAN,WA,Y,Y,Y
53009,CLALLAM,WA,Y,Y,Y
53011,CLARK,WA,Y,Y,Y
53013,COLUMBIA,WA,Y,N,N
53015,COWLITZ,WA,Y,Y,Y
53017,DOUGLAS,WA,Y,Y,Y
53019,FERRY,WA,Y,N,N
53021,FRANKLIN,WA,Y,Y,Y
53023,GARFIELD,WA,Y,Y,Y
53025,GRANT,WA,Y,Y,Y
53027,GRAYS HARBOR,WA,Y,Y,Y
53029,ISLAND,WA,Y,Y,Y
53031,JEFFERSON,WA,Y,Y,Y
53033,KING,WA,Y,Y,Y
53035,KITSAP,WA,Y,Y,Y
53037,KITTITAS,WA,Y,Y,Y
53039,KLICKITAT,WA,Y,Y,Y
53041,LEWIS,WA,Y,Y,Y
53043,LINCOLN,WA,Y,N,N
53045,MASON,WA,Y,Y,Y
53047,OKANOGAN,WA,Y,Y,Y
53049,PACIFIC,WA,Y,Y,Y
53051,PEND OREILLE,WA,Y,Y,Y
53053,PIERCE,WA,Y,Y,Y
53055,SAN JUAN,WA,Y,Y,Y
53057,SKAGIT,WA,Y,Y,Y
53059,SKAMANIA,WA,Y,Y,Y
53061,SNOHOMISH,WA,Y,Y,Y
53063,SPOKANE,WA,Y,Y,Y
53065,STEVENS,WA,Y,Y,Y
53067,THURSTON,WA,Y,Y,Y
53069,WAHKIAKUM,WA,Y,Y,Y
53071,WALLA WALLA,WA,Y,Y,Y
53073,WHATCOM,WA,Y,Y,Y
53075,WHITMAN,WA,Y,Y,Y
53077,YAKIMA,WA,Y,Y,Y
54001,BARBOUR,WV,Y,Y,Y
54003,BERKELEY,WV,Y,Y,Y
54005,BOONE,WV,Y,Y,Y
54007,BRAXTON,WV,Y,Y,Y
54009,BROOKE,WV,Y,Y,Y
54011,CABELL,WV,Y,Y,Y
54013,CALHOUN,WV,Y,Y,Y
54015,CLAY,WV,Y,Y,Y
54017,DODDRIDGE,WV,Y,Y,Y
54019,FAYETTE,WV,Y,N,Y
54021,GILMER,WV,Y,Y,Y
54023,GRANT,WV,Y,Y,Y
54025,GREENBRIER,WV,Y,Y,Y
54027,HAMPSHIRE,WV,Y,Y,Y
54029,HANCOCK,WV,Y,Y,Y
54031,HARDY,WV,Y,Y,Y
54033,HARRISON,WV,Y,Y,Y
54035,JACKSON,WV,Y,Y,Y
54037,JEFFERSON,WV,Y,Y,Y
54039,KANAWHA,WV,Y,Y,Y
54041,LEWIS,WV,Y,Y,Y
54043,LINCOLN,WV,Y,Y,Y
54045,LOGAN,WV,Y,Y,Y
54047,MCDOWELL,WV,Y,Y,Y
54049,MARION,WV,Y,Y,Y
54051,MARSHALL,WV,Y,Y,Y
54053,MASON,WV,Y,Y,Y
54055,MERCER,WV,Y,Y,Y
54057,MINERAL,WV,Y,Y,Y
54059,MINGO,WV,Y,Y,Y
54061,MONONGALIA,WV,Y,Y,Y
54063,MONROE,WV,Y,Y,Y
54065,MORGAN,WV,Y,Y,Y
54067,NICHOLAS,WV,Y,Y,Y
54069,OHIO,WV,Y,Y,Y
54071,PENDLETON,WV,Y,Y,Y
54073,PLEASANTS,WV,Y,Y,Y
54075,POCAHONTAS,WV,Y,Y,Y
54077,PRESTON,WV,Y,Y,Y
54079,PUTNAM,WV,Y,Y,Y
54081,RALEIGH,WV,Y,Y,Y
54083,RANDOLPH,WV,Y,Y,Y
54085,RITCHIE,WV,Y,Y,Y
54087,ROANE,WV,Y,Y,Y
54089,SUMMERS,WV,Y,Y,Y
54091,TAYLOR,WV,Y,Y,Y
54093,TUCKER,WV,Y,Y,Y
54095,TYLER,WV,Y,Y,Y
54097,UPSHUR,WV,Y,Y,Y
54099,WAYNE,WV,Y,Y,Y
54101,WEBSTER,WV,Y,Y,Y
54103,WETZEL,WV,Y,Y,Y
54105,WIRT,WV,Y,Y,Y
54107,WOOD,WV,Y,Y,Y
54109,WYOMING,WV,Y,Y,Y
55001,ADAMS,WI,Y,Y,Y
55003,ASHLAND,WI,Y,Y,Y
55005,BARRON,WI,Y,Y,Y
55007,BAYFIELD,WI,Y,Y,Y
55009,BROWN,WI,Y,Y,Y
55011,BUFFALO,WI,Y,Y,Y
55013,BURNETT,WI,Y,Y,Y
55015,CALUMET,WI,Y,Y,Y
55017,CHIPPEWA,WI,Y,Y,Y
55019,CLARK,WI,Y,Y,Y
55021,COLUMBIA,WI,Y,Y,N
55023,CRAWFORD,WI,Y,Y,Y
55025,DANE,WI,Y,Y,Y
55027,DODGE,WI,Y,Y,Y
55029,DOOR,WI,Y,Y,Y
55031,DOUGLAS,WI,Y,Y,N
55033,DUNN,WI,Y,Y,Y
55035,EAU CLAIRE,WI,Y,Y,Y
55037,FLORENCE,WI,Y,Y,Y
55039,FOND DU LAC,WI,Y,Y,Y
55041,FOREST,WI,Y,Y,Y
55043,GRANT,WI,Y,Y,Y
55045,GREEN,WI,Y,Y,Y
55047,GREEN LAKE,WI,Y,Y,Y
55049,IOWA,WI,Y,Y,Y
55051,IRON,WI,Y,Y,Y
55053,JACKSON,WI,Y,Y,Y
55055,JEFFERSON,WI,Y,Y,Y
55057,JUNEAU,WI,Y,Y,N
55059,KENOSHA,WI,Y,Y,Y
55061,KEWAUNEE,WI,Y,Y,N
55063,LA CROSSE,WI,Y,Y,Y
55065,LAFAYETTE,WI,Y,Y,Y
55067,LANGLADE,WI,Y,Y,Y
55069,LINCOLN,WI,Y,Y,Y
55071,MANITOWOC,WI,Y,Y,Y
55073,MARATHON,WI,Y,Y,Y
55075,MARINETTE,WI,Y,Y,N
55077,MARQUETTE,WI,Y,Y,Y
55078,MENOMINEE,WI,Y,Y,N
55079,MILWAUKEE,WI,Y,Y,Y
55081,MONROE,WI,Y,Y,Y
55083,OCONTO,WI,Y,Y,Y
55085,ONEIDA,WI,Y,Y,Y
55087,OUTAGAMIE,WI,Y,Y,N
55089,OZAUKEE,WI,Y,Y,Y
55091,PEPIN,WI,Y,Y,Y
55093,PIERCE,WI,Y,Y,Y
55095,POLK,WI,Y,Y,Y
55097,PORTAGE,WI,Y,Y,Y
55099,PRICE,WI,Y,Y,Y
55101,RACINE,WI,Y,Y,Y
55103,RICHLAND,WI,Y,Y,Y
55105,ROCK,WI,Y,Y,Y
55107,RUSK,WI,Y,Y,Y
55109,ST CROIX,WI,Y,Y,Y
55111,SAUK,WI,Y,Y,Y
55113,SAWYER,WI,Y,Y,Y
55115,SHAWANO,WI,Y,Y,Y
55117,SHEBOYGAN,WI,Y,Y,N
55119,TAYLOR,WI,Y,Y,Y
55121,TREMPEALEAU,WI,Y,Y,Y
55123,VERNON,WI,Y,Y,Y
55125,VILAS,WI,Y,Y,Y
55127,WALWORTH,WI,Y,Y,Y
55129,WASHBURN,WI,Y,Y,Y
55131,WASHINGTON,WI,Y,Y,Y
55133,WAUKESHA,WI,Y,Y,Y
55135,WAUPACA,WI,Y,Y,Y
55137,WAUSHARA,WI,Y,Y,Y
55139,WINNEBAGO,WI,Y,Y,Y
55141,WOOD,WI,Y,Y,Y
56001,ALBANY,WY,Y,Y,Y
56003,BIG HORN,WY,Y,Y,Y
56005,CAMPBELL,WY,Y,Y,Y
56007,CARBON,WY,Y,Y,Y
56009,CONVERSE,WY,Y,Y,Y
56011,CROOK,WY,Y,Y,Y
56013,FREMONT,WY,Y,Y,Y
56015,GOSHEN,WY,Y,Y,Y
56017,HOT SPRINGS,WY,Y,N,N
56019,JOHNSON,WY,Y,Y,Y
56021,LARAMIE,WY,Y,Y,Y
56023,LINCOLN,WY,Y,Y,Y
56025,NATRONA,WY,Y,Y,Y
56027,NIOBRARA,WY,Y,N,N
56029,PARK,WY,Y,Y,Y
56031,PLATTE,WY,Y,Y,Y
56033,SHERIDAN,WY,Y,Y,Y
56035,SUBLETTE,WY,Y,Y,Y
56037,SWEETWATER,WY,Y,N,N
56039,TETON,WY,Y,Y,Y
56041,UINTA,WY,Y,Y,Y
56043,WASHAKIE,WY,Y,Y,Y
56045,WESTON,WY,Y,Y,Y
